game_id,camp,advance,fire_per_s,objective_damage,survival,pressure_score,aggression_score,style
1778631047459,红,0.32556427915518826,1.3221957040572792,1800.0,0.9648001177987404,-0.023633236245006184,-0.6604352859459708,aggressive
1778631047459,蓝,0.27774567751525586,1.2267303102625298,1095.0,0.6457979189485212,-1.032469246884431,-2.595978067447011,measured
1778631715625,红,0.36753442465093883,1.0644391408114557,1500.0,0.8839018287655744,-0.0036833496839995816,-0.6032070922613252,aggressive
1778631715625,蓝,0.2787473836276083,1.4200477326968974,1500.0,0.8836868187492907,-0.6437317979221624,-1.5310254377433226,measured
1778632575621,红,0.3415507385417421,0.3412887828162291,1500.0,0.8431428507573971,-0.1909946710437101,-1.8428923933483725,measured
1778632575621,蓝,0.28778539937016895,1.4033412887828163,1500.0,0.9529723892228901,-0.5785785065802653,-1.1672419220589674,measured
1778633483984,红,0.21734956656564947,0.9952267303102625,400.0,0.693956346892706,-2.1225539104413795,-3.5227745607248666,measured
1778633483984,蓝,0.4058277739667295,1.7899761336515514,1820.0,0.9177698567494486,0.5738109444177879,0.791453012385311,pressure
1778634274546,红,0.16836061370986827,0.26730310262529833,0.0,0.6390986870360145,-2.8525119761269018,-5.149764341049252,measured
1778634274546,蓝,0.4072669353455668,1.097852028639618,1500.0,0.8575885984097268,0.2827405644547813,-0.09215526886712735,pressure
1778637960624,红,0.33185798440914194,1.720763723150358,760.0,0.9112283177756514,-0.9579594371981216,-0.3673393785865996,aggressive
1778637960624,蓝,0.25437632158590306,1.331742243436754,860.0,0.8230025910213136,-1.4223080540114585,-2.189088844710663,measured
1778638792994,红,0.3881903371857501,3.4821002386634845,1515.0,0.8670840735578017,0.15935132692003973,2.0342007567789566,pressure
1778638792994,蓝,0.24958049224878018,2.460620525059666,1500.0,0.8493540179136807,-0.8539902247351987,-1.0423559539639982,measured
1778639477645,红,0.37470324973191943,4.229116945107399,1510.0,0.8898671885291985,0.057415467698893,2.663628848130923,aggressive
1778639477645,蓝,0.32787944066515495,1.6730310262529833,1500.0,0.7506937727442777,-0.28954838891129836,-1.0514867751306127,measured
1778640400181,红,0.2909438173089399,1.1431980906921242,1420.0,0.8964538731023745,-0.6311713415144793,-1.583964818299925,measured
1778640400181,蓝,0.2892528418533537,0.6992840095465394,280.0,0.8790241643987572,-1.717259113855829,-2.1119772455228083,measured
1778641210001,红,0.1841822482153608,0.6085918854415274,1500.0,0.9009151113786876,-1.3254334007736,-3.6378766618800435,measured
1778641210001,蓝,0.2608936953062848,1.6634844868735084,1515.0,0.8512812693361619,-0.7583053171331331,-1.6637017209965643,measured
1778641924649,红,0.30019183878370626,1.2315035799522673,1500.0,0.8753356401797667,-0.48914290648285064,-1.4391784772783416,measured
1778641924649,蓝,0.30673259475218656,1.8782816229116945,1510.0,0.9589298392084107,-0.4325717167380556,-0.4010379643558004,aggressive
1778642821611,红,0.3711173364321017,1.458233890214797,1700.0,0.9577064538061244,0.2105482953856623,0.10578981271791704,pressure
1778642821611,蓝,0.28939690403600465,1.081145584725537,1500.0,0.8584230178132618,-0.5669614839966917,-1.8051342602309488,measured
1778643635336,红,0.3250754631208092,0.7350835322195705,1905.0,0.9105891132645308,0.07175462940793373,-1.446035011118855,measured
1778643635336,蓝,0.2370784130893737,0.8424821002386634,1500.0,0.8935056063804832,-0.9441152730924935,-2.669772187357991,measured
1778644527122,红,0.330431722251947,1.7589498806682577,1500.0,0.8033863637402964,-0.27114948913645587,-0.7392106947260726,measured
1778644527122,蓝,0.3334186574798412,2.0047732696897373,1500.0,0.8404868525184448,-0.2496172561037185,-0.31818641559505845,aggressive
1778645257550,红,0.29040968122786304,1.1861575178997614,1500.0,0.8805283518134758,-0.5596605709063498,-1.6064928080607364,measured
1778645257550,蓝,0.3079713742760618,1.8830548926014319,1500.0,0.8616993243243244,-0.4330617536197039,-0.7293601757200759,measured
1778649272036,红,0.2618685310301595,1.7446300715990453,1500.0,0.8819231346691123,-0.7654081516841829,-1.4584924398090262,measured
1778649272036,蓝,0.39287756726894585,1.2458233890214798,1500.0,0.8907989517812084,0.1790104186765374,-0.03284514757111265,pressure
1778650039896,红,0.18864810217809097,0.8138424821002387,0.0,0.8289207283436543,-2.706263431710116,-3.6295532194456963,measured
1778650039896,蓝,0.3945586572337766,1.3532219570405728,1500.0,0.9181943299341867,0.191129068098089,0.19689393855944048,pressure
1778650983893,红,0.17970496506986028,1.233890214797136,860.0,0.8172640548628572,-1.960599287901922,-3.383531904882876,measured
1778650983893,蓝,0.38782388167388165,2.837708830548926,1500.0,0.8982661116212631,0.14257938565951817,1.5016953202567025,aggressive
1778651671623,红,0.1979481560860247,1.441527446300716,1500.0,0.8981012635407359,-1.2261976579258038,-2.6226075357340592,measured
1778651671623,蓝,0.36874183771869407,1.295942720763723,1900.0,0.9507255973427622,0.3818269222326116,-0.11477986711880495,pressure
1778653088621,红,0.42540552026098893,2.2577565632458234,1520.0,0.8112676254923852,0.43233839594711254,1.1537534402783627,pressure
1778653088621,蓝,0.2539396926269373,2.727923627684964,1500.0,0.8264745342668629,-0.8225656000890691,-0.7966993537610441,measured
1778653793207,红,0.48619799730236923,2.1670644391408116,3860.0,0.8215445224817146,3.0748961574589346,1.9772859482429348,pressure
1778653793207,蓝,0.2805117133670188,2.2458233890214796,1524.0,0.7411614398463273,-0.6084047132060887,-1.2001415000519353,measured
1778654862728,红,0.38659751220372873,3.2768496420047732,3610.0,0.8265938139898618,2.121391784834415,1.661323349157681,pressure
1778654862728,蓝,0.31648734545925306,2.7732696897374702,1430.0,0.7668414064916104,-0.4376128762954465,-0.06511741689416106,aggressive
1778655677956,红,0.34162406178276783,3.100238663484487,1540.0,0.7795337826644818,-0.15278547143242352,0.6677235213827613,aggressive
1778655677956,蓝,0.3465305909271787,1.5107398568019093,1500.0,0.7373603102252128,-0.15509588722326204,-0.9918300724471072,measured
1778656835227,红,0.43181752651018707,3.3460620525059666,4425.0,0.8558611243496563,3.2151168099764353,2.4876338718465125,pressure
1778656835227,蓝,0.31886694487577644,2.5107398568019095,1500.0,0.7454760955831607,-0.3545177118919902,-0.36856462148323577,aggressive
1778657588607,红,0.44391339182731915,5.356401384083045,6380.0,0.9052337950400233,5.143954170961935,4.836122466826185,pressure
1778657588607,蓝,0.2802546905859118,3.0034602076124566,1215.0,0.649581029185868,-0.9013403813602814,-0.7821810474488796,measured
1778659440092,红,0.35441119767970886,1.4343675417661097,1700.0,0.8766367487121867,0.09011700202033035,-0.451362042444138,aggressive
1778659440092,蓝,0.19515759298199503,0.42720763723150357,135.0,0.8485239538903292,-2.5321656680627207,-3.8488085290589926,measured
1778660129344,红,0.4311202763104429,1.8830548926014319,2360.0,0.8737993952410856,1.2648281170896425,1.0898238290829345,pressure
1778660129344,蓝,0.14138725415459671,0.18615751789976134,0.0,0.7890038215667884,-3.0469576601832618,-5.078185409409834,measured
1778661259223,红,0.30433870771477245,1.8878281622911695,685.0,0.8335959476119187,-1.2269917063745064,-0.8784254153117694,measured
1778661259223,蓝,0.2850470952772557,1.873508353221957,1500.0,0.8879603996378256,-0.5983184062916747,-0.9745707757622747,measured
1778661970735,红,0.17327887965692845,0.7064439140811456,120.0,0.8221438723877749,-2.7040152768830694,-3.98222670944407,measured
1778661970735,蓝,0.45209082616179,3.126491646778043,2000.0,0.8668789051377003,1.0768750775799933,2.601698014818322,pressure
1778663517697,红,0.33972753796400446,1.8854415274463008,1500.0,0.8549236267887842,-0.20413776813488665,-0.2935973540115802,aggressive
1778663517697,蓝,0.2911203931764276,1.3675417661097853,1000.0,0.8569752183392031,-1.025545020679576,-1.5011717789016517,measured
1778664469370,红,0.36596444076907175,1.7326968973747017,1505.0,0.8698039306997339,-0.010290978705605192,-0.013265983942279139,aggressive
1778664469370,蓝,0.279429189164455,1.3508353221957041,290.0,0.7131500333249212,-1.7786557519243105,-2.2054069648143555,measured
1778665388943,红,0.33765247471303567,1.7804295942720765,1500.0,0.9558126873347637,-0.21909649407586734,-0.06364677707901922,aggressive
1778665388943,蓝,0.3032640879235707,0.5369928400954654,1500.0,0.8381734548975928,-0.4669956621112925,-2.21853128701969,measured
1778666087339,红,0.4064640731292517,2.37708830548926,2905.0,0.8491469551329245,1.6004848995431797,1.135850666791446,pressure
1778666087339,蓝,0.2694741987179487,0.4510739856801909,1500.0,0.7877448158323158,-0.7105803778865918,-2.9730080124799843,measured
1778668127515,红,0.2771595209682919,0.4200477326968974,0.0,0.9847947273048706,-2.068201890351395,-2.181820864084571,measured
1778668127515,蓝,0.2509408245061552,0.2529832935560859,420.0,0.9730352482743265,-1.861560775345704,-2.7681383087074596,measured
1778668980465,红,0.32361526842141813,1.6634844868735084,1505.0,0.8550978730392926,-0.31557789595024804,-0.7456317944538627,measured
1778668980465,蓝,0.24152836921612938,0.45584725536992843,1500.0,0.9110928624294571,-0.9120364079694914,-2.9259970401740194,measured
1778669795005,红,0.3748204057279236,2.8782816229116945,2025.0,0.9575129631704811,0.5433980908960714,1.5683296205764172,pressure
1778669795005,蓝,0.2579564042514862,0.4152744630071599,230.0,0.7573256270141515,-1.9899698070694067,-3.2843974997052183,measured
1778673759346,红,0.45741807307648596,3.0262529832935563,1705.0,0.9227299454721888,0.8373835389969885,2.7805613347842395,pressure
1778673759346,蓝,0.2280503221506332,1.4606205250596658,1504.0,0.7428593058631938,-1.0054289557930087,-2.729944893242693,measured
1778674459498,红,0.4773918485055119,3.6730310262529833,1765.0,0.9203775854217382,1.0378915273666436,3.702178152510737,pressure
1778674459498,蓝,0.20870698214285716,1.837708830548926,1500.0,0.7398285555555556,-1.1486393809163196,-2.6453881088533753,measured
1778676183890,红,0.2817958234946871,0.6825775656324582,1500.0,0.8363617241631187,-0.6217561899507418,-2.390052071941495,measured
1778676183890,蓝,0.26930503208375545,0.5083532219570406,1700.0,0.8911661750909976,-0.5233967337384331,-2.545313895718124,measured
1778677005970,红,0.3126548479145164,1.2529832935560858,1500.0,0.8981058245008521,-0.3992995063355588,-1.1559847721703682,measured
1778677005970,蓝,0.36164001603569684,2.295942720763723,1505.0,0.8652757481388521,-0.04146491251641932,0.467243677679067,aggressive
1778677945404,红,0.3911304809052334,1.5894988066825775,2360.0,0.8703417580171776,0.9765494876921352,0.2093396475131718,pressure
1778677945404,蓝,0.2520193201376936,1.8902147971360381,1500.0,0.7674527747353048,-0.8364091905231357,-1.8690983693472543,measured
1778678763428,红,0.31461530206426364,1.2935560859188544,1500.0,0.8519533734542573,-0.38516697503453196,-1.2540103496483166,measured
1778678763428,蓝,0.31107454889094927,1.9785202863961815,1500.0,0.8438116915535787,-0.41069157353510266,-0.6543995723150542,aggressive
1778679549836,红,0.3457507455704345,1.0692124105011933,1500.0,0.8618425481372676,-0.16071764018064122,-0.9921523754222262,measured
1778679549836,蓝,0.2999838405745573,1.8042959427207637,960.0,0.8705191436515477,-0.9993307851372039,-0.8908823843517347,measured
1778680444314,红,0.33681722497393113,1.2410501193317423,1500.0,0.8869537303227997,-0.22511764641120324,-0.8597183222867721,measured
1778680444314,蓝,0.31403868798565454,1.269689737470167,1210.0,0.8961538581827285,-0.6625082167983868,-1.1264916283703903,measured
1778681233076,红,0.34137037518037516,1.4844868735083532,1560.0,0.9097800369103399,-0.13577393529212475,-0.4700004080347302,aggressive
1778681233076,蓝,0.3238773285414795,1.5011933174224343,1085.0,0.8529506382506383,-0.7093353358243633,-0.9107288192989239,measured
1778718819473,红,0.2743182803256604,1.3627684964200477,1500.0,0.9130614183547764,-0.6756603391014249,-1.5457324505874432,measured
1778718819473,蓝,0.3441901169314357,2.1575178997613365,1500.0,0.9152478663681639,-0.17196790741732892,0.2585850711109807,aggressive
1778719620880,红,0.26307016422320717,1.1336515513126493,2425.0,0.9542126977592372,0.11461867940342158,-1.7868528359629656,measured
1778719620880,蓝,0.32749535194535195,1.062052505966587,140.0,0.9367636867636867,-1.573458516601449,-0.9920568839711653,measured
1778720414370,红,0.3503503949312422,2.2816229116945106,1500.0,0.9282848834626878,-0.12755966575224426,0.5176680343433466,aggressive
1778720414370,蓝,0.28737280795551756,0.6443914081145584,60.0,0.8189352129075184,-1.9380553579917363,-2.4104524242690286,measured
1778721367456,红,0.37496648908182056,0.49403341288782815,0.0,0.7610497795635917,-1.3631305483354605,-1.5057573849918715,measured
1778721367456,蓝,0.3215101013007943,1.1742243436754176,1500.0,0.9083768506987685,-0.33546371314639745,-1.0694365997005415,measured
1778722056744,红,0.33067571355759423,1.107398568019093,1500.0,0.7678098775728744,-0.269390603439138,-1.5109662781732207,measured
1778722056744,蓝,0.31073295291621267,1.9236276849642004,2100.0,0.9186356760461538,0.15205532794211432,-0.44377045900358025,pressure
1778722992025,红,0.4170326717470428,2.260143198090692,1920.0,0.8927116388123554,0.748786432109382,1.3293517462643307,pressure
1778722992025,蓝,0.2982281746031746,1.9856801909307875,1500.0,0.6193715148352245,-0.5032985782692311,-1.6425478092556007,measured
1778723718077,红,0.486987556496367,1.4486873508353222,4370.0,0.8965189587033802,3.5610159257280305,1.5460473773699184,pressure
1778723718077,蓝,0.18978835302708447,0.9212410501193318,0.0,0.8184764513161353,-2.698043585907295,-3.5441814814074184,measured
1778724717139,红,0.4352764957773284,2.7088305489260143,1900.0,0.8746775141086133,0.861462285160131,1.9727606729897678,pressure
1778724717139,蓝,0.2607872412241224,1.522673031026253,1500.0,0.7665981425065583,-0.7732029588370413,-2.110672445871935,measured
1778725413734,红,0.45204535824954156,2.467780429594272,1723.0,0.9353350257779207,0.8156089685246941,2.1941319833974045,pressure
1778725413734,蓝,0.2121282932416953,0.45346062052505964,340.0,0.7889922593633935,-2.2167139907024596,-3.792927161533627,measured
1778726335152,红,0.40789680645527904,2.4892601431980905,3955.0,0.9519047128510135,2.59992964475192,1.6387436558738409,pressure
1778726335152,蓝,0.2476625821876868,0.28162291169451076,525.0,0.5798763667759484,-1.7862813393017314,-4.205945965604439,measured
1778727180688,红,0.3618921574227452,1.8854415274463008,3972.0,0.9265873273290307,2.2843053759434135,0.28460994064394946,pressure
1778727180688,蓝,0.3065595993735059,1.1837708830548925,275.0,0.8200881507733788,-1.5972081553644089,-1.594158035096464,measured
1778728650670,红,0.36440494285714287,2.971360381861575,3425.0,0.9020190322122322,1.7871369858320383,1.3102867766419493,pressure
1778728650670,蓝,0.23140187625025868,1.458233890214797,1500.0,0.6628228177477332,-0.9850363191524432,-2.9728582643978476,measured
1778729466803,红,0.31433013328636017,2.7422434367541766,1500.0,0.8864214398881477,-0.38722270109184165,0.3045619679123873,aggressive
1778729466803,蓝,0.3049289799809342,1.7804295942720765,1500.0,0.5855913059771496,-0.4549937802429739,-1.8716331796437649,measured
1778735137175,红,0.3444202467848454,2.1121718377088308,2960.0,0.8842624960062917,1.2050339275535569,0.10505115047374144,pressure
1778735137175,蓝,0.3635746753246753,2.6515513126491648,2818.0,0.8430204788261503,1.2093482394006956,0.7678683527273683,pressure
1778735937597,红,0.2902603809523809,2.116945107398568,1900.0,0.8122143674103675,-0.18393058066186818,-0.9310995947468049,measured
1778735937597,蓝,0.3803664900188569,2.5417661097852027,3005.0,0.880489771898056,1.5065540836306508,1.0362025134736965,pressure
1778736603265,红,0.34516009191880503,2.042959427207637,2200.0,0.8606090450111897,0.4944354198149241,-0.03836668907456654,pressure
1778736603265,蓝,0.33768305814788224,2.3007159904534604,4200.0,0.859951903391602,2.3245662767569844,0.10736593891803917,pressure
1778737453393,红,0.3414876545329671,2.171837708830549,1500.0,0.7771280479936731,-0.19144943134949038,-0.2646588924112351,aggressive
1778737453393,蓝,0.34690606674984403,4.229116945107399,1505.0,0.7901166496288767,-0.14767907697260213,1.902843282569124,aggressive
1778738115897,红,0.3422927299163941,1.8782816229116945,1500.0,0.8553608080073729,-0.1856458000544482,-0.2621440376445825,aggressive
1778738115897,蓝,0.2610099381625442,3.6014319809069213,1500.0,0.847943485205411,-0.7715975800765664,0.24995646340251823,aggressive
1778738816658,红,0.3561916233433404,0.5727923627684964,2750.0,0.8401686547691161,1.0920681934241792,-1.4126993230134384,pressure
1778738816658,蓝,0.1956025985383222,2.37708830548926,620.0,0.852573337220036,-2.0720801113878258,-1.8919013622505425,measured
1778739648145,红,0.23426174066117672,0.7589498806682577,0.0,0.8464486978027079,-2.3774436152920417,-2.963150523211432,measured
1778739648145,蓝,0.340714888337469,1.899761336515513,1500.0,0.9070159560869239,-0.19702015201524048,-0.07713509777861435,aggressive
1778740339499,红,0.2616769606484689,1.4176610978520285,1500.0,0.9357586884502501,-0.7667891451728299,-1.5915734061869442,measured
1778740339499,蓝,0.339504110678925,0.6252983293556086,680.0,0.8031767801780179,-0.9782012587377683,-1.7346744618213643,measured
1778741004464,红,0.251051579339601,1.458233890214797,1500.0,0.9733105637896972,-0.8433854450415537,-1.5689535187840271,measured
1778741004464,蓝,0.34949875868917574,0.883054892601432,1500.0,0.8224764426790245,-0.1336989451889223,-1.2650144517567825,measured
1778741872896,红,0.3752297939490677,1.3031026252983293,1700.0,0.9152157791985116,0.24019419890763902,-0.14229152931016834,pressure
1778741872896,蓝,0.2845878130511464,0.5059665871121718,400.0,0.8735164185060481,-1.6378465158792728,-2.3910431880651175,measured
1778742720391,红,0.3001442170892962,0.9140811455847255,120.0,0.8964570675370324,-1.7894678224019476,-1.6787769101884091,measured
1778742720391,蓝,0.32985711375014554,1.1097852028639619,1500.0,0.9243075827550157,-0.2752917296670964,-0.9555722450760883,measured
1778743519418,红,0.288181989228751,0.9451073985680191,1700.0,0.9675507146309467,-0.3873164343066966,-1.5638511794392944,measured
1778743519418,蓝,0.27997669326586216,0.568019093078759,1100.0,0.8718147138964577,-1.0116762114793538,-2.4020594181776405,measured
1778744354009,红,0.39477751733151495,2.79236276849642,1520.0,0.8939584468832679,0.21154710116240905,1.5413826511249917,pressure
1778744354009,蓝,0.26003161173907124,1.3102625298329356,150.0,0.8424177066181356,-2.0503712947124626,-2.0588060732096767,measured
1778745201010,红,0.41940490016591336,2.011933174224344,1500.0,0.8924706353362741,0.37024078361391294,1.1162564441081628,pressure
1778745201010,蓝,0.30322646903589023,2.0262529832935563,1500.0,0.8955546453865421,-0.4672668493296839,-0.5334111437383167,aggressive
1778746411418,红,0.4684062717064134,2.844868735083532,1970.0,0.9199189337809677,1.1662294698614923,2.7487579546557614,pressure
1778746411418,蓝,0.1791801438692886,0.9594272076372315,20.0,0.8604304430949167,-2.75567578175139,-3.5077955205916727,measured
1778747129957,红,0.4102195033820894,2.2935560859188544,1520.0,0.9236665317685147,0.3228653644525261,1.376016521008363,pressure
1778747129957,蓝,0.24835707139998853,1.2840095465393795,680.0,0.9175144360774613,-1.6352624737483752,-1.9821526204637199,measured
1778748020174,红,0.38730685100493434,2.6348448687350836,1505.0,0.9243063124276266,0.14356229082205763,1.3868175173514894,aggressive
1778748020174,蓝,0.30869801833776994,1.801909307875895,1504.0,0.7485665192295627,-0.42405545574590253,-1.2077619944448994,measured
1778748736302,红,0.37217336155349,3.8233890214797137,1555.0,0.9122950925300698,0.08156870264760582,2.3052860958987873,aggressive
1778748736302,蓝,0.28153444312878734,1.3651551312649164,1500.0,0.7002333442331005,-0.6236404299892191,-2.2074557971519386,measured
1778749713778,红,0.41319144161423965,1.766109785202864,1640.0,0.8057303774218383,0.4573313671067102,0.469555055453749,pressure
1778749713778,蓝,0.29489872982665866,2.579952267303103,1535.0,0.8854980175333732,-0.4943293474389684,-0.1400507799403737,aggressive
1778750536413,红,0.4612230044945099,2.6539379474940334,5205.0,0.8991246645517852,4.161867381295428,2.38058286905596,pressure
1778750536413,蓝,0.2875808320668693,2.2052505966587113,1564.0,0.8297195006284102,-0.5197641896537801,-0.8188820200658221,measured
1778751602368,红,0.3164843855244626,1.701670644391408,1500.0,0.841357425519663,-0.37169311719965237,-0.8601217896425897,measured
1778751602368,蓝,0.3686815186246418,2.1408114558472553,1515.0,0.8679701253219878,0.018716061873690126,0.4244726885435869,aggressive
1778752418706,红,0.2975910044869012,0.7708830548926014,980.0,0.9448193177980412,-0.9977399600918111,-1.6832101804169695,measured
1778752418706,蓝,0.37265104166666674,2.181384248210024,1505.0,0.9080173244068593,0.03791142199574249,0.6665222563795773,aggressive
1778753436230,红,0.30901540409369066,2.5178997613365155,1510.0,0.9168290207795378,-0.4161153897807314,0.11494999381809709,aggressive
1778753436230,蓝,0.31093548792756537,3.272076372315036,1500.0,0.8671031370820104,-0.4116940368765827,0.7119238586543405,aggressive
1778754153680,红,0.3064053344910903,2.1026252983293556,1500.0,0.8864633536829626,-0.44435102875149757,-0.4445677202424937,aggressive
1778754153680,蓝,0.3025754177024918,2.918854415274463,1905.0,0.9107423200029432,-0.09044380618919429,0.39820778606312246,aggressive
1778754834040,红,0.3355172413793103,1.441527446300716,1700.0,0.8944102828340579,-0.04608584100461125,-0.652511544792011,aggressive
1778754834040,蓝,0.30728055523885534,2.3627684964200477,1900.0,0.935135966011465,-0.06123546642849133,0.0019934048670298687,aggressive
1778759633616,红,0.27253993855606756,2.054892601431981,1515.0,0.8595789322435827,-0.6743498227961959,-1.077246094031011,measured
1778759633616,蓝,0.30942060177292874,2.217183770883055,2640.0,0.944616146802901,0.6512833048744486,-0.07747577201495892,pressure
1778760433286,红,0.25599400305576775,2.3269689737470167,1520.0,0.7785150623885917,-0.7889161638526913,-1.3382499242801313,measured
1778760433286,蓝,0.42192986000636334,3.2983293556085918,5930.0,0.9201385317231643,4.561572130932207,2.5296755602758463,pressure
1778761284044,红,0.200731114599686,2.336515513126492,838.0,0.8295517812346385,-1.829750224745948,-1.9413305170575303,measured
1778761284044,蓝,0.4230615271532342,3.081145584725537,1725.0,0.7901652921332097,0.6085542188904319,1.8612720787323496,pressure
1778762010489,红,0.235604588519413,2.897196261682243,1395.0,0.8503659335896008,-1.05365143177084,-0.8067627170278618,measured
1778762010489,蓝,0.4662904503573581,4.386292834890965,6485.0,0.8843106458540455,5.404177663119406,4.1200898759944025,pressure
1778764936503,红,0.27110408853278783,1.4295942720763724,1500.0,0.982310637342857,-0.698830820352482,-1.2757953998947267,measured
1778764936503,蓝,0.33444041488892157,0.324582338902148,1500.0,0.7881979713272196,-0.24225160638028748,-2.1602981194971433,measured
1778765636252,红,0.3196304179788148,1.9212410501193318,1505.0,0.9181327607596146,-0.3443039049809941,-0.3196748815029191,aggressive
1778765636252,蓝,0.2648722786017868,0.7995226730310262,0.0,0.7248386966201175,-2.156778222203036,-2.920449488515355,measured
1778766623007,红,0.32725612857142855,1.269689737470167,1510.0,0.9209994536796537,-0.2846215674598796,-0.8462557568566214,measured
1778766623007,蓝,0.26652347350230415,0.48448687350835323,1500.0,0.91888591560769,-0.7318515800089176,-2.509067007857623,measured
1778767300069,红,0.24937960094752185,1.7183770883054892,360.0,0.944207317649282,-1.929336271260151,-1.4398231963206662,measured
1778767300069,蓝,0.2770877726448745,1.0143198090692125,1505.0,0.8949125826418091,-0.6509855312194445,-1.9172512989241852,measured
1778767967333,红,0.2820490224349732,2.1097852028639617,1130.0,0.93933590941423,-0.9684767249916967,-0.597793006535266,aggressive
1778767967333,蓝,0.28988455653077727,0.5417661097852029,560.0,0.9362740399140964,-1.4489408193000097,-2.052631490974131,measured
1778805231802,红,0.3732223435655254,2.064439140811456,4470.0,0.7718226680573788,2.835106278439082,0.06710423259746096,pressure
1778805231802,蓝,0.25910222139823363,2.9212410501193316,1500.0,0.8659161363517192,-0.7853499378598836,-0.3879876017929398,aggressive
1778805933581,红,0.3168293119331066,1.279236276849642,3845.0,0.815122376383537,1.8398201289995753,-1.3692359042285929,pressure
1778805933581,蓝,0.26512377737980436,3.3198090692124107,1500.0,0.8842539425109338,-0.7419417161468655,0.16071854281932696,aggressive
1778808224653,红,0.32539921610720796,2.551312649164678,2000.0,0.8980591883576855,0.1635799898551753,0.31659479861499906,pressure
1778808224653,蓝,0.3352501811375438,1.7875894988066825,5020.0,0.878156810621519,3.0794809881829157,-0.37144687229084733,pressure
1778809035146,红,0.3020301639701081,3.37708830548926,2125.0,0.7836313069020027,0.11286901281662551,0.3865240874115824,aggressive
1778809035146,蓝,0.39628345015817873,3.6252983293556085,4490.0,0.7714906658449864,3.020189607866891,1.9480408805942777,pressure
1778809879623,红,0.3403633238921343,2.4749403341288785,2550.0,0.932476110011426,0.7895619388399778,0.580734179449888,pressure
1778809879623,蓝,0.3739748914513488,1.7852028639618138,2385.0,0.7303379239926325,0.8764285836230896,-0.34900207217533585,pressure
1778811526147,红,0.35602227963525834,2.2386634844868736,1500.0,0.8747686727456939,-0.08667215602616415,0.3636430757942621,aggressive
1778811526147,蓝,0.351640977443609,0.7589498806682577,640.0,0.7415861576289208,-0.9283895819264014,-1.6492892237230459,measured
1778812208802,红,0.41471698084798847,2.7494033412887826,1500.0,0.8167744926986075,0.3364464882942266,1.507641169024149,pressure
1778812208802,蓝,0.3161758144624968,1.0381861575178997,1500.0,0.8285705999297632,-0.3739175457548344,-1.5694397152159776,measured
1778813025261,红,0.3221873234246407,2.343675417661098,1505.0,0.8610143391289135,-0.325871672708916,-0.06956011778060309,aggressive
1778813025261,蓝,0.3735080962469733,1.2458233890214798,1310.0,0.8931355798450608,-0.13960329388409282,-0.30367333179331524,aggressive
1778813925117,红,0.42681764112903225,4.159904534606206,1500.0,0.8645881309774455,0.4236777863110632,3.2550420707315446,pressure
1778813925117,蓝,0.2843803994747391,1.2147971360381862,700.0,0.7624039091586261,-1.356737019774985,-2.0913178859512214,measured
1778814731856,红,0.4044517460994636,3.4343675417661097,2785.0,0.7865110674308626,1.4729365467386224,1.9304598679701872,pressure
1778814731856,蓝,0.3124980133454655,1.5274463007159904,1500.0,0.8514019613790315,-0.40043009613103087,-1.054316350793808,measured
1778815599251,红,0.26696529681930353,0.9713603818615751,1500.0,0.8682171779489437,-0.7286665619569411,-2.202192338521122,measured
1778815599251,蓝,0.412577768826829,2.6801909307875893,1500.0,0.9189297715187441,0.3210253263902529,1.776779276024015,pressure
1778816429603,红,0.2839520054078414,0.8162291169451074,1500.0,0.8123370887787291,-0.6062126954077607,-2.3129824252215743,measured
1778816429603,蓝,0.2968399645808737,2.1670644391408116,1900.0,0.9047884631438351,-0.13649964656458863,-0.45236272831168,aggressive
1778821643360,红,0.2536581112567351,0.8066825775656324,200.0,0.9392102060358941,-2.0492158322863,-2.3013193158950696,measured
1778821643360,蓝,0.36154420956926925,1.7088305489260143,1500.0,0.8919089502824586,-0.0468656409671159,-0.020909319432700663,aggressive
1778822464700,红,0.2987523622873941,0.6229116945107399,0.0,0.8599541891229789,-1.9125433120267423,-2.1196674451126065,measured
1778822464700,蓝,0.31969258196236244,1.8353221957040573,1500.0,0.8941114960708995,-0.3485658552923498,-0.49077722117426104,aggressive
1778823400271,红,0.33579402060662195,2.198090692124105,1525.0,0.8618099921418397,-0.20894333529980572,-0.015051537428987787,aggressive
1778823400271,蓝,0.25627435994856207,1.1431980906921242,40.0,0.8813058796313706,-2.1810783128524127,-2.1384872007570443,measured
1778824071684,红,0.36862247415413535,2.2458233890214796,3525.0,0.8898251179558746,1.9117419124217518,0.6067575099074095,pressure
1778824071684,蓝,0.28274546004842616,2.028639618138425,640.0,0.9150615048793016,-1.425043918990804,-0.7559252739451768,measured
1778825000732,红,0.2598978983243397,2.460620525059666,1525.0,0.6449954992268611,-0.7560636665349012,-1.6311682156579588,measured
1778825000732,蓝,0.40797032151690027,2.9069212410501195,4125.0,0.9287272748319739,2.7606022638666183,1.9708136523014734,pressure
1778825808415,红,0.3416387455271126,2.143198090692124,1500.0,0.7795119840018683,-0.19036024586441286,-0.28231041577345106,aggressive
1778825808415,蓝,0.3632083459603613,2.4892601431980905,1505.0,0.8435077803919552,-0.030159128214595626,0.6032199426663967,aggressive
1778828142935,红,0.2807246268656717,2.911694510739857,2100.0,0.9192091878270983,-0.06426883717818332,0.10662149660163461,aggressive
1778828142935,蓝,0.42021394506597826,1.9451073985680192,1500.0,0.5874770283821489,0.3760730303795807,-0.03919860196261782,pressure
1778829037274,红,0.38623416585543924,2.990453460620525,1504.0,0.8947963635361421,0.1348874972916818,1.6179001038333094,aggressive
1778829037274,蓝,0.32624902818270163,2.41527446300716,2100.0,0.8234651024460548,0.26390768592815445,-0.075436804917283,pressure
1778829758019,红,0.3145785102477822,1.7613365155131264,1505.0,0.8642242207946704,-0.3807221217232339,-0.7458324662927683,measured
1778829758019,蓝,0.3192852294078429,2.009546539379475,2100.0,0.8833715535866574,0.21370701983635446,-0.3624395085848301,pressure
1778830648762,红,0.2769432840068298,1.701670644391408,1500.0,0.9025432783020433,-0.6567371999429696,-1.2093798228615995,measured
1778830648762,蓝,0.25210955173858396,2.2219570405727924,1263.0,0.8644784937284937,-1.0590164415968197,-1.1882555283607699,measured
1778831543771,红,0.3151524422268908,0.7828162291169452,1720.0,0.8812586498695567,-0.17405138971395098,-1.647570001748605,measured
1778831543771,蓝,0.2843392771332464,2.1288782816229115,1950.0,0.8816408169490821,-0.1795138789947869,-0.7540484444545911,measured
1778832340006,红,0.38422414350355527,3.181384248210024,2155.0,0.8651101196897165,0.7336498376946303,1.6713371859501882,pressure
1778832340006,蓝,0.2750453600114745,2.7064439140811456,1725.0,0.8097200681681103,-0.4584654384979666,-0.5742012369742008,aggressive
1778833189559,红,0.30268245013096917,1.9880668257756564,1500.0,0.8152088468132191,-0.4711885754272509,-0.8691481249034259,measured
1778833189559,蓝,0.36100544574425175,3.3532219570405726,2120.0,0.8284239218269067,0.5333002293023787,1.3747758934402157,pressure
1778833887835,红,0.2685354351467031,2.5011933174224343,1545.0,0.872598341206244,-0.6749570362191073,-0.6448968846293739,aggressive
1778833887835,蓝,0.3340911081716637,3.7971360381861574,1730.0,0.9349249630342222,-0.02810608691996268,1.8118416481015855,aggressive
1778834732878,红,0.3632713997695852,3.4272076372315037,1945.0,0.8713971583076423,0.384782307855589,1.6359975456033329,pressure
1778834732878,蓝,0.40917110921393796,1.8353221957040573,1500.0,0.7757602698074145,0.2964673821928155,0.37213958175084777,pressure
1778835455007,红,0.26863470512745724,3.8854415274463006,1540.0,0.8861259574099509,-0.6789514966393863,0.7796641508109714,aggressive
1778835455007,蓝,0.45180155003177747,0.9451073985680191,1500.0,0.7899291944941971,0.6037819089377399,0.15408554689671336,pressure
1778836256660,红,0.24402131057902615,1.4749403341288783,1500.0,0.9224823618945296,-0.8940652802859872,-1.837174344946884,measured
1778836256660,蓝,0.3351847369019207,2.0978520286396183,2400.0,0.8844873636926144,0.6109281659994568,-0.04150820205748143,pressure
1778837043446,红,0.28410392597717055,1.81145584725537,1500.0,0.8801454024855961,-0.6051175296771105,-1.077981510007961,measured
1778837043446,蓝,0.32924479316495026,2.513126491646778,1800.0,0.930174136509215,0.0028988708453514447,0.4500352295794885,aggressive
1778839108887,红,0.35808647429560064,2.2863961813842484,2937.0,0.7968465936456853,1.2818847338032322,0.15955968730526726,pressure
1778839108887,蓝,0.30983673253565386,2.79236276849642,2100.0,0.9164206342397966,0.14559465015350156,0.3978094237504899,aggressive
1778839915616,红,0.33104394531250003,3.460620525059666,2105.0,0.8247765677127656,0.3031833859233985,1.0362659720601413,pressure
1778839915616,蓝,0.3274221414023858,3.2768496420047732,4006.0,0.925639008129232,2.067846291392825,1.1656268779099532,pressure
1778840608164,红,0.3357487912087912,2.658711217183771,2175.0,0.9057661941233369,0.4030407983305421,0.6002540403117549,pressure
1778840608164,蓝,0.3369958475298126,2.863961813842482,1525.0,0.8853722030855762,-0.2002795995972397,0.7484046915622591,aggressive
1778841533345,红,0.4009820165466717,3.0262529832935563,1500.0,0.86325914889708,0.23743381159792426,1.7522481002511447,pressure
1778841533345,蓝,0.3203127978736405,2.9260143198090693,1700.0,0.715691379146469,-0.15569170645485908,-0.04292507585995431,aggressive
1778842202821,红,0.3171035089966062,2.9331742243436754,1500.0,0.8111416314648049,-0.36722997693677095,0.26240929942129576,aggressive
1778842202821,蓝,0.3912361934182323,2.801909307875895,1900.0,0.8093065817677468,0.5439843417576468,1.1942802447562104,pressure
1778846129421,红,0.3085351895166127,2.4176610978520285,1900.0,0.964039879119854,-0.05219105281441462,0.17889971718222253,aggressive
1778846129421,蓝,0.3010430659648721,1.8544152744630071,1700.0,0.9262893188776248,-0.2946034424922354,-0.6245674864858827,aggressive
1778846849770,红,0.30527593967669864,2.2816229116945106,1505.0,0.9365354504434542,-0.4477825371850296,-0.1024201679826463,aggressive
1778846849770,蓝,0.35264958657734324,2.164677804295943,1520.0,0.9311197633282552,-0.09214492861935922,0.4449432543084698,aggressive
1778847533513,红,0.30163550420168067,2.5346062052505967,1900.0,0.9315116643672394,-0.10192953748802198,0.07812808781531555,aggressive
1778847533513,蓝,0.34138373485488865,1.9069212410501193,1544.0,0.9183310745522283,-0.15074987867778536,-0.019545264861669853,aggressive
1778848449241,红,0.4625815736699304,3.405727923627685,3625.0,0.8378924278996533,2.6832762874859406,2.925563159437515,pressure
1778848449241,蓝,0.2714757359705612,1.7971360381861574,1200.0,0.8405714086588051,-0.9787563866072788,-1.4170960493054932,measured
1778849247767,红,0.4367771902450301,2.1933174224343674,1500.0,0.8606635413534686,0.4954742318663457,1.4320076573207183,pressure
1778849247767,蓝,0.24859932441004823,1.6873508353221958,1500.0,0.8210848945558092,-0.8610632721687375,-1.926246068270757,measured
1778850129741,红,0.2489156963113473,0.8878281622911695,1500.0,0.8253071272272585,-0.8587826088854615,-2.7002263705904888,measured
1778850129741,蓝,0.3473358132629496,1.162291169451074,1500.0,0.8072096854390157,-0.14929119657745651,-1.0740685129417287,measured
1778850818572,红,0.3202476373626374,2.007159904534606,1500.0,0.9335170840840071,-0.3445645692540096,-0.16994964562819365,aggressive
1778850818572,蓝,0.30205011784732233,2.052505966587112,1500.0,0.8570492152719467,-0.47574693543400803,-0.6632795210853467,aggressive
1778851813367,红,0.2741988221214412,2.5727923627684963,1985.0,0.879337285999323,-0.21964389149763236,-0.46783757559853,aggressive
1778851813367,蓝,0.36771664099069745,2.451073985680191,1705.0,0.8604503056278253,0.19074342407116918,0.6914553320114301,pressure
1778852503882,红,0.29403585067414856,1.026252983293556,1500.0,0.8040743654720742,-0.5335202231664828,-1.9889036081562073,measured
1778852503882,蓝,0.3587536282566882,2.4582338902147973,1515.0,0.8797804029688975,-0.05285216194646833,0.6391041980950836,aggressive
1778853326094,红,0.2657864407574053,0.918854415274463,1500.0,0.8677826805740192,-0.7371647052041729,-2.2728856608299948,measured
1778853326094,蓝,0.3316272747952685,2.804295942720764,1500.0,0.9168722378117282,-0.2625309842136594,0.7254543377670718,aggressive
1778891707944,红,0.2816460913549969,0.8210023866348448,1500.0,0.827585060742786,-0.6228355797192884,-2.286456686501864,measured
1778891707944,蓝,0.27289575757575757,3.9976133651551313,1500.0,0.8221541195504831,-0.6859150279407515,0.7215793191497579,aggressive
1778892545994,红,0.3661680805938494,1.899761336515513,2300.0,0.9008822611052199,0.7400794762840446,0.267701544954709,pressure
1778892545994,蓝,0.32019125131625126,1.7875894988066825,1500.0,0.8283620269983907,-0.34497104525631545,-0.768278473123852,measured
1778893366730,红,0.3935457201285422,2.5775656324582337,2105.0,0.8889207675759824,0.7537464807406592,1.2921868084890813,pressure
1778893366730,蓝,0.20490146641438028,3.20763723150358,1500.0,0.729951151056449,-1.1760726009975868,-1.3758144054705448,measured
1778894200958,红,0.3140024813895782,2.6539379474940334,1805.0,0.8358314835151063,-0.10226990123475214,0.02957900162658307,aggressive
1778894200958,蓝,0.355350980939964,1.9594272076372314,1500.0,0.8129786368684674,-0.09151141728856571,-0.14627693920105078,aggressive
1778895004624,红,0.3269523146041856,2.3389021479713605,2795.0,0.7923990460176766,0.9236784290094981,-0.25324356645237356,pressure
1778895004624,蓝,0.33961585020529517,1.1408114558472553,1505.0,0.8226356328397953,-0.20023282505203838,-1.151022506150389,measured
1778896077501,红,0.2529417262866374,2.4176610978520285,0.0,0.6951173800471054,-2.2427832450974137,-1.5932120960483862,measured
1778896077501,蓝,0.4003779406750767,4.4749403341288785,3220.0,0.9049620125300317,1.8533460937396984,3.3323341514168585,pressure
1778896752465,红,0.21757043142990096,2.6897374701670644,1525.0,0.7985719879107501,-1.0611941134040435,-1.4596740904063286,measured
1778896752465,蓝,0.45694619728194985,2.4892601431980905,2540.0,0.8812807552479281,1.6205649604209142,2.0910247695492803,pressure
1778897738161,红,0.33306242524916946,1.6491646778042959,1531.0,0.8050519007607378,-0.22298277904494465,-0.8042677493570001,measured
1778897738161,蓝,0.33501917831571765,3.451073985680191,3916.0,0.8980089043149903,2.037830437594653,1.3484092928154898,pressure
1778898445098,红,0.23823259692226403,1.81145584725537,1530.0,0.8064928947356131,-0.9075345171192452,-2.0051608318386447,measured
1778898445098,蓝,0.35153973863374105,3.295942720763723,2413.0,0.920444362158215,0.7410743847931536,1.5135525697580536,pressure
1778899302527,红,0.44701371065375295,3.613365155131265,1540.0,0.8449359193772329,0.6069479360871929,2.932678895014249,pressure
1778899302527,蓝,0.29170632885632886,2.023866348448687,1020.0,0.7947334496778942,-1.002480811393574,-1.0657543363676405,measured
1778900115383,红,0.3974096361758989,2.1217183770883055,1505.0,0.8717647628495844,0.21639129713909733,0.8334030141360395,pressure
1778900115383,蓝,0.3224557875010895,1.1121718377088305,700.0,0.9081193042602439,-1.0822589794951227,-1.1183384298119687,measured
1778901161007,红,0.4411172085385879,3.4749403341288785,1515.0,0.8262211095417992,0.5408908116133431,2.6426898693080916,pressure
1778901161007,蓝,0.3295140725407811,4.7040572792362765,2186.0,0.8539758189714938,0.36845810075525964,2.3541001280472282,pressure
1778902090600,红,0.4787159070437759,3.98090692124105,2741.0,0.8463727991218534,1.9668436978869952,3.759836756599785,pressure
1778902090600,蓝,0.3015789447370175,2.9069212410501195,1916.0,0.7880161794186527,-0.08726501295730713,-0.07094592126267987,aggressive
1778902929075,红,0.3517298159380883,1.2291169451073987,1500.0,0.8514203183888397,-0.11761568896550853,-0.7848079931762759,measured
1778902929075,蓝,0.25574423916205996,1.305489260143198,2325.0,0.8866386152204889,-0.032394051099225996,-1.9657579566559875,measured
1778911982278,红,0.36475162469536965,3.909307875894988,3981.0,0.928054205085146,2.3133968583700417,2.34046147692734,pressure
1778911982278,蓝,0.3002256332776135,2.081145584725537,1950.0,0.7854665333416458,-0.06499223843590071,-0.9195043572570456,measured
1778912693151,红,0.3746235856477279,3.9307875894988067,4655.0,0.8614285634596942,3.019480457488333,2.263653745329798,pressure
1778912693151,蓝,0.32748168329831934,2.9618138424821003,2400.0,0.8826564055072788,0.5553983561437043,0.698580652204881,pressure
1778913533396,红,0.37268659194686593,2.5107398568019095,2100.0,0.8931733551490713,0.5986670188740963,0.9404505289789811,pressure
1778913533396,蓝,0.3379684579439252,3.01909307875895,1500.0,0.8334414260336096,-0.21681863264170836,0.7290175057552354,aggressive
1778914365365,红,0.3487037745848545,2.439140811455847,1700.0,0.8920950114738244,0.04897330297149882,0.519698894852756,aggressive
1778914365365,蓝,0.36585269054002295,2.143198090692124,1728.0,0.758451343835392,0.19897292944035472,-0.009214635835142426,pressure
1778915208150,红,0.3489269891500904,2.307875894988067,1704.0,0.9514419913419913,0.054350475870522386,0.6067882904653294,aggressive
1778915208150,蓝,0.3573182500441462,2.957040572792363,2250.0,0.910614397254076,0.629181991916726,1.2249187760585454,pressure
1778917962630,红,0.4149348885387488,4.4821002386634845,1943.0,0.8821026832871194,0.755330282771117,3.466815823136056,pressure
1778917962630,蓝,0.2247155723643169,1.5369928400954653,870.0,0.6297076967186137,-1.6267064489462484,-3.1105835869485645,measured
1778918846508,红,0.3112122626828509,2.3031026252983295,1500.0,0.8602510430503895,-0.40969882168988153,-0.27083051682856074,aggressive
1778918846508,蓝,0.32215443469222776,3.556085918854415,1505.0,0.9115640534799792,-0.326108761161271,1.3161109985032997,aggressive
1778919717387,红,0.37820288753799397,3.159904534606205,1914.0,0.8631762500206649,0.4632180029985437,1.5562199608841925,pressure
1778919717387,蓝,0.34586048205937703,3.343675417661098,3320.0,0.9383221521595938,1.5545419426350175,1.543585119029191,pressure
1778921917593,红,0.3683839827715789,5.054892601431981,1704.0,0.8847940761293654,0.19461214504295457,3.374055214003131,pressure
1778921917593,蓝,0.3457807157345697,2.775656324582339,1500.0,0.7278819935980179,-0.16050159111731976,0.21898131718820885,aggressive
1778922947439,红,0.34274434712820157,3.4272076372315037,1700.0,0.7664021825484942,0.006012953667636586,0.9611018180069315,aggressive
1778922947439,蓝,0.3460981304322464,2.1933174224343674,2000.0,0.8510331466093002,0.312794422966808,0.08987464264394468,pressure
1778923796498,红,0.36223959855173726,2.8902147971360383,1910.0,0.895744806895096,0.3443737059312496,1.1758601580100874,pressure
1778923796498,蓝,0.32950944740428695,1.6324582338902147,3215.0,0.8562090999489093,1.3377588803618314,-0.6874446341311458,pressure
1778924684549,红,0.3639131042568543,2.7804295942720763,2251.0,0.8736680738360032,0.677665024341892,1.0113127222564646,pressure
1778924684549,蓝,0.2407405308314732,3.307875894988067,2100.0,0.8612349765848302,-0.3525063809225421,-0.2857564122377483,aggressive
1778925424226,红,0.42874416255051645,1.899761336515513,1500.0,0.7982325107661884,0.437565703197431,0.799418686667216,pressure
1778925424226,蓝,0.22005821532262843,4.4892601431980905,2100.0,0.9208120549895747,-0.5016011564081868,0.803977201858898,aggressive
1778926448743,红,0.3865623653517569,0.8544152744630071,1900.0,0.7667940758034363,0.5102916275191638,-0.9600468812223688,pressure
1778926448743,蓝,0.18026829753381066,3.8066825775656326,1500.0,0.932344039082106,-1.3536483072659629,-0.40575260384828027,aggressive
1778927367055,红,0.33159270148737463,2.7303102625298328,1725.0,0.7325011722203006,-0.05082669137345154,-0.013924913422419583,aggressive
1778927367055,蓝,0.5187440178571429,2.9737470167064437,1800.0,0.897621578088578,1.3689617929637026,3.5219856436063677,pressure
1778928033009,红,0.3004669117647059,3.2816229116945106,1800.0,0.802542090169401,-0.2045552589636177,0.33745820802320337,aggressive
1778928033009,蓝,0.3897823277440141,2.8233890214797137,1540.0,0.8518578409744478,0.19437806778538766,1.3482191400031782,pressure
1778928844469,红,0.34745190412613647,2.5417661097852027,1514.0,0.8929723935264656,-0.13526610086713386,0.6067047644351201,aggressive
1778928844469,蓝,0.29366901154401154,2.947494033412888,3805.0,0.7750813009381191,1.6351814175156176,-0.19139103035863603,pressure
1778929767993,红,0.26902569205393,3.503579952267303,1800.0,0.7076851725082147,-0.4312088747915098,-0.2378408340671433,aggressive
1778929767993,蓝,0.4750110209160396,2.4176610978520285,3920.0,0.8225007652147843,3.0507723683137593,2.0682445689475415,pressure
1778930460784,红,0.2825096772010557,4.37708830548926,1504.0,0.7366210980713587,-0.6128420952520115,0.9282353563361062,aggressive
1778930460784,蓝,0.38233232118758437,2.3651551312649164,1500.0,0.8943660052148581,0.10299179802117137,0.9392842496253856,aggressive
1778931313293,红,0.35134378201479793,3.126491646778043,1510.0,0.9306895227172121,-0.11097837549816045,1.3794698164081187,aggressive
1778931313293,蓝,0.38053746070555355,2.023866348448687,1512.0,0.9227035810969797,0.10135718715183972,0.6768441785002797,aggressive
1778934392734,红,0.3493803013392857,2.916467780429594,1950.0,0.8641333686568061,0.28935416903439903,0.9024332130263488,pressure
1778934392734,蓝,0.3313942025440313,2.9976133651551313,1925.0,0.8683864956526405,0.1361455018834692,0.7390297047930057,aggressive
1778935110465,红,0.3473029848529849,3.412887828162291,2100.0,0.8536808038808038,0.4156815500053158,1.327612879621877,pressure
1778935110465,蓝,0.35141615962198197,1.701670644391408,1980.0,0.7636450543364907,0.3322907440207085,-0.6369662509315117,pressure
1778936758019,红,0.30848488660395246,2.8615751789976134,2600.0,0.8331550886298208,0.6068572901863668,0.1465148607373229,pressure
1778936758019,蓝,0.3514587027914614,3.081145584725537,1700.0,0.798727051135327,0.0688330426736356,0.8598313517031422,aggressive
1778937468211,红,0.2753591783863805,2.9618138424821003,2000.0,0.7506824480691061,-0.19714887467111,-0.5292176978912575,aggressive
1778937468211,蓝,0.4629699848024316,4.4463007159904535,4585.0,0.8225690531690532,3.590411307817285,3.908957703603336,pressure
1778938334290,红,0.30167580126295723,3.6730310262529833,2100.0,0.8530381832744218,0.08676408955519058,0.9257334431972079,aggressive
1778938334290,蓝,0.3376632453416149,3.3627684964200477,1700.0,0.8711073429951691,-0.03061571732265335,1.2017668499677998,aggressive
1778939363902,红,0.31837870364805576,3.4272076372315037,3400.0,0.8887801450874652,1.4317924196422176,1.0514903292736124,pressure
1778939363902,蓝,0.3932913508260447,2.6372315035799523,1542.0,0.8985856008944444,0.2215579615852874,1.3826387778125522,pressure
1778940280525,红,0.2529322427161654,4.09546539379475,1900.0,0.9133793649013631,-0.4530218430616515,0.8601497971463018,aggressive
1778940280525,蓝,0.421129105658884,0.5536992840095465,1900.0,0.8122901086909398,0.7594765112502776,-0.596030409641729,pressure
1778941189725,红,0.46225049754337955,3.587112171837709,1500.0,0.8552943034810688,0.679106332000398,3.1636776768150634,pressure
1778941189725,蓝,0.26780318731611635,3.0954653937947496,1700.0,0.764544015354084,-0.5342232395206161,-0.45543663112786076,aggressive
1778941859406,红,0.4690144255210981,3.260143198090692,1560.0,0.847984612313349,0.7843871085469849,2.9101947987700525,pressure
1778941859406,蓝,0.21052134247301146,3.389021479713604,2700.0,0.8375886308612317,-0.005141211079682351,-0.7262257646711896,measured
1778977985352,红,0.41402318269346494,2.520286396181384,3085.0,0.8703996217907338,1.8245398649703857,1.46370906121698,pressure
1778977985352,蓝,0.2593264224499001,3.8162291169451072,1900.0,0.8180408345976682,-0.4069274494523699,0.3310148788552304,aggressive
1778978885595,红,0.30338601762820516,1.8615751789976134,2669.0,0.8606165339290339,0.6350996200183998,-0.8207034753595429,pressure
1778978885595,蓝,0.36542955134776584,2.6348448687350836,1900.0,0.9578705702627189,0.35794929631560474,1.1925382572893244,pressure
1778980152852,红,0.37640118787120974,3.5298329355608593,2560.0,0.8765725570806534,1.058772022640651,1.9458648261085336,pressure
1778980152852,蓝,0.4291819142302896,3.7374701670644392,4010.0,0.7859383656003444,2.805180693707653,2.5858684973205333,pressure
1778980984573,红,0.32838049389034607,2.7708830548926016,1504.0,0.8684871028856699,-0.2821683313444753,0.4708404387018129,aggressive
1778980984573,蓝,0.3642206676485027,2.059665871121718,2575.0,0.8660096832815904,0.9850952648969261,0.2725195272026104,pressure
1778981869637,红,0.35348206090947015,3.81145584725537,1900.0,0.8771699536036206,0.2718221697976476,1.897182160818568,pressure
1778981869637,蓝,0.2906707019236568,2.828162291169451,1993.0,0.8634040831594653,-0.09336519984294592,-0.03432225352557878,aggressive
1778983368909,红,0.319842037890425,0.7183770883054893,1290.0,0.8071179693961952,-0.5453117467433435,-1.9115198768132382,measured
1778983368909,蓝,0.31781703537306644,2.5990453460620526,4300.0,0.9380665723962839,2.275557562954399,0.3990611927850214,pressure
1778984250676,红,0.40556596057046984,2.4892601431980905,3300.0,0.8470261898802166,1.96610676986449,1.2266140316816523,pressure
1778984250676,蓝,0.2945842805808155,3.295942720763723,1500.0,0.6689560232717316,-0.5295666990183211,-0.21527310863470495,aggressive
1778985437848,红,0.3782517774989545,3.0334128878281623,1700.0,0.8330895496761244,0.26197908845247764,1.3227536617247257,pressure
1778985437848,蓝,0.3527668442544503,3.016706443914081,1800.0,0.82972130415364,0.17246474583894697,0.9265788172971683,pressure
1778986541297,红,0.35468823630332835,2.224343675417661,1520.0,0.8383913496431511,-0.07744870067236576,0.19890046165336697,aggressive
1778986541297,蓝,0.30286681887366823,1.2863961813842482,745.0,0.8429741248097412,-1.1810813257112123,-1.4629115079892367,measured
1778987430277,红,0.3711218389270702,2.801909307875895,2859.0,0.9109289468381013,1.3023769110119903,1.2710517053941677,pressure
1778987430277,蓝,0.2974371414228342,3.016706443914081,1900.0,0.8920723847772041,-0.13219471527489585,0.3538923990816586,aggressive
1778988282190,红,0.36225496825396825,3.331742243436754,3860.0,0.9144316499056501,2.181415053707305,1.681882073107367,pressure
1778988282190,蓝,0.33462936014219063,3.1503579952267304,2100.0,0.8902886225864453,0.32431986325234496,1.016369034917252,pressure
1778989377538,红,0.2965479845007809,3.217183770883055,2111.0,0.7920630131946365,0.06016083176093001,0.17915954700974146,aggressive
1778989377538,蓝,0.3464430118048103,3.520286396181384,2575.0,0.863098716082366,0.8569396139717254,1.455832183963562,pressure
1778990147563,红,0.32145268654336734,2.660968660968661,2029.0,0.7620936006268038,0.1624486829016577,-0.12215917134689083,pressure
1778990147563,蓝,0.4008152211293761,4.612535612535613,6440.0,0.8537454262155755,4.889788810826602,3.290396382402762,pressure
1778994160323,红,0.38932753066534503,2.620525059665871,2400.0,0.8588343725995504,1.00123299801264,1.165434577553443,pressure
1778994160323,蓝,0.24115276850221604,3.4295942720763724,2100.0,0.8823275895375342,-0.34953464001955464,-0.0828419308907303,aggressive
1778994852887,红,0.39729003929157874,2.8949880668257757,3063.0,0.7242852882157069,1.6831895556845877,1.0671161994952991,pressure
1778994852887,蓝,0.3099476566479878,1.7899761336515514,2640.0,0.7988683511258652,0.6550827405919794,-1.02004481279334,pressure
1778995779610,红,0.41500975337131324,1.0668257756563246,4927.0,0.8039019350160188,3.566844718976409,-0.2050900434843286,pressure
1778995779610,蓝,0.31918248186035447,5.059665871121719,2136.0,0.9010081552502451,0.2468788968329278,2.7279455334406393,pressure
1778996642903,红,0.31164443151481963,2.7016706443914082,2860.0,0.7834131401527185,0.87455790614403,-0.14621526929572826,pressure
1778996642903,蓝,0.36803002345312813,3.739856801909308,1500.0,0.829352883716959,-0.00011067465582065283,1.8632642702912074,aggressive
1778998192727,红,0.3679615526492287,3.0047732696897373,2640.0,0.8018388946473454,1.0732935930303134,1.033170372317307,pressure
1778998192727,蓝,0.32307368663594477,2.6778042959427206,3300.0,0.8355654602267507,1.3714360688828429,0.18309891122255684,pressure
1778998916450,红,0.3068638907967033,3.1408114558472553,2800.0,0.8009004523254524,0.7835749812110605,0.2839622774448599,pressure
1778998916450,蓝,0.3279426217816134,2.4582338902147973,1810.0,0.8284865529987846,0.002931928185709507,0.009754920425977337,aggressive
1779000203795,红,0.35821065347445924,2.5990453460620526,3075.0,0.8655004322516978,1.4127780793068168,0.7195370877966729,pressure
1779000203795,蓝,0.32741810887350536,2.8663484486873507,2426.0,0.8794382149421797,0.5794324678656606,0.5912693174673642,pressure
1779000910062,红,0.2781402402129848,3.059665871121718,2450.0,0.8366483082779145,0.24680630733330006,-0.08170680638124662,pressure
1779000910062,蓝,0.3512331118493909,2.7780429594272076,1800.0,0.8921947422902133,0.16140836830280483,0.8929939404491797,pressure
1779001883111,红,0.315730698757764,3.152744630071599,2274.0,0.8455570216981086,0.35199382824792647,0.5848210632935034,pressure
1779001883111,蓝,0.3275694392230576,3.649164677804296,4129.0,0.8618827493656441,2.184776059668113,1.3072844108960386,pressure
1779002815710,红,0.4236926461038962,3.412887828162291,3149.0,0.8324054730370639,1.9545341419826987,2.3521829126301688,pressure
1779002815710,蓝,0.2880165196170452,3.9212410501193316,3180.0,0.8772838579146068,1.005673914677341,1.0627333525155427,pressure
1779004144178,红,0.33764225758361416,2.675417661097852,1950.0,0.8927227394505072,0.20473690276921205,0.5970637123621343,pressure
1779004144178,蓝,0.3118643426799165,2.9689737470167064,4500.0,0.8429586899586899,2.4210488966401837,0.3372486167393926,pressure
1779323658229,红,0.3548480005795422,1.8042959427207637,1510.0,0.9246145184092446,-0.08571714785951706,0.09536704962404202,aggressive
1779323658229,蓝,0.19884331059156338,0.6109785202863962,660.0,0.8160895207167774,-2.011037824077483,-3.730279654681582,measured
1779324398307,红,0.25371355465726325,0.7183770883054893,1500.0,0.9241599772560037,-0.8241957845721803,-2.4425100520821736,measured
1779324398307,蓝,0.19337982323406014,0.8997613365155132,1500.0,0.9729918710455544,-1.259129877754675,-2.956054122081327,measured
1779325142656,红,0.27760027352977745,0.29832935560859186,1420.0,0.9090172657822788,-0.7273623440686329,-2.5698041694276923,measured
1779325142656,蓝,0.23753207056101794,0.9570405727923628,1500.0,0.9264422770212244,-0.9408449449296117,-2.4306217971785182,measured
1779326010652,红,0.42263986184361385,2.503579952267303,1500.0,0.9786147895487785,0.3935609909105841,1.9619214373788267,pressure
1779326010652,蓝,0.23316469148525054,0.6324582338902148,1360.0,0.8292731189259592,-1.1042107215862864,-3.16654009575904,measured
1779326696504,红,0.37046775853198416,2.009546539379475,1500.0,0.9293376017073496,0.017462481701845833,0.5413894883773793,aggressive
1779326696504,蓝,0.24363518611670024,1.541766109785203,1200.0,0.843278378604963,-1.1794534762577666,-2.062256138416455,measured
1779327563018,红,0.16434129669267414,2.656324582338902,275.0,0.7905302193376142,-2.6224321395493613,-2.2893079951230892,measured
1779327563018,蓝,0.4639470322956067,2.799522673031026,2295.0,0.846926863790204,1.4402387751212389,2.3760052267714746,pressure
1779328263836,红,0.24101616046230342,2.675417661097852,1500.0,0.8690642274783856,-0.9157288208968932,-0.8814412217036118,measured
1779328263836,蓝,0.3946995543192151,2.6014319809069213,1650.0,0.8705582250199084,0.33344711773065805,1.2662437421245798,pressure
1779329215931,红,0.2888931463889904,1.4009546539379476,1500.0,0.8534292371453497,-0.5705929745446745,-1.5129084903000922,measured
1779329215931,蓝,0.3085412099245639,1.1288782816229117,1340.0,0.9203886293391244,-0.5796764263721762,-1.2580848439280115,measured
1779330075535,红,0.39709928680037654,1.090692124105012,1500.0,0.7955863680724299,0.209443970733745,-0.4696335148430348,pressure
1779330075535,蓝,0.3132035621521335,0.9952267303102625,610.0,0.8437535353535353,-1.2337378761049291,-1.6001455829276603,measured
1779331159988,红,0.3256823215881527,2.305489260143198,1500.0,0.7408675024459206,-0.3053869914778626,-0.4907128325147804,aggressive
1779331159988,蓝,0.35514420825076565,2.5107398568019095,1500.0,0.8425950412671723,-0.09300200124467081,0.5049855659283408,aggressive
1779332109381,红,0.3343701980792318,2.4988066825775657,1500.0,0.8828839444868856,-0.24275778565559822,0.3390360216147231,aggressive
1779332109381,蓝,0.3632252908081806,2.0930787589498805,1500.0,0.7816774373400238,-0.03474705444901385,-0.013027911470421483,aggressive
1779333529199,红,0.3495396971288515,2.441527446300716,1500.0,0.922003365234983,-0.13340382796814576,0.6420647207131023,aggressive
1779333529199,蓝,0.32272641972882693,0.8448687350835322,500.0,0.8235358138473682,-1.2687111779846694,-1.6850960318911912,measured
1779334282221,红,0.3688564205884589,2.1694510739856803,1500.0,0.8802964096987512,0.005846660986865593,0.49991593432862685,aggressive
1779334282221,蓝,0.32081544256120526,1.0668257756563246,1360.0,0.7679448221792855,-0.4723535657843183,-1.6929221707111382,measured
1779339732301,红,0.4311256340686564,2.8305489260143197,2635.0,0.8992301324696039,1.523921048539734,2.1223739158829678,pressure
1779339732301,蓝,0.15929322478991595,0.8162291169451074,850.0,0.8306722618340265,-2.1171636960461857,-4.044089306502273,measured
1779340406572,红,0.5023024837203941,3.7613365155131264,3620.0,0.8790762814568784,2.964906496510438,3.999937813462016,pressure
1779340406572,蓝,0.1574867880705534,0.6968973747016707,20.0,0.8179210697931244,-2.9120589493401186,-4.234629707304006,measured
1779342096868,红,0.30526146802496756,0.48687350835322196,1500.0,0.7890708069982595,-0.4525969388324648,-2.4167130018623313,measured
1779342096868,蓝,0.26404680900306665,2.983293556085919,1360.0,0.9283889563926017,-0.8815875643352991,-0.02961661661877557,aggressive
1779342871952,红,0.28707453216731904,0.9618138424821002,1500.0,0.8535269626919884,-0.583703009490188,-1.9747626896298363,measured
1779342871952,蓝,0.33809016711324213,2.532219570405728,1500.0,0.8305138377855554,-0.21594125499672998,0.23682938676771734,aggressive
1779343542832,红,0.2213723692224403,0.5656324582338902,1500.0,0.8824644096100752,-1.0573370776388318,-3.2109266175685667,measured
1779343542832,蓝,0.24482566191446026,1.9307875894988067,1500.0,0.9204743154559853,-0.8882668685115975,-1.3802516086619514,measured
1779344576570,红,0.108314621040724,0.5799522673031027,0.0,0.7887808257918552,-3.2853718167956214,-5.164852094683489,measured
1779344576570,蓝,0.4016094584611888,2.6825775656324584,1500.0,0.9759833503807251,0.24195691788818469,1.8269280067161662,pressure
1779345330609,红,0.22285678749111584,0.5751789976133651,200.0,0.7399402828031559,-2.2712565631479755,-3.69444065448551,measured
1779345330609,蓝,0.42965194263118256,2.5059665871121717,2990.0,0.8739092741373058,1.8477130563939848,1.6874883899654676,pressure
1779346363354,红,0.2153098310931367,0.47848101265822784,0.0,0.7769363493385143,-2.5140642321114104,-3.7657281252325663,measured
1779346363354,蓝,0.4470191078963231,3.09873417721519,6470.0,0.8945261943401184,5.251124081920547,2.6008016107898233,pressure
1779347030271,红,0.2844103571428572,0.7708830548926014,350.0,0.854461038961039,-1.6862265442327293,-2.1993619797965622,measured
1779347030271,蓝,0.3187364047050801,1.1694510739856803,1500.0,0.92027807355731,-0.35545875050217424,-1.0712121276099973,measured
1779348015580,红,0.47072641777474716,2.3174224343675416,3680.0,0.9533842912148401,2.793801740514472,2.3793329686648192,pressure
1779348015580,蓝,0.15189738009899298,0.3460620525059666,0.0,0.650247909199522,-2.9711922137401166,-5.268692088796242,measured
1779348827572,红,0.47345571939993175,2.1861575178997614,2675.0,0.9538115398037832,1.8667509978877592,2.289902834205413,pressure
1779348827572,蓝,0.14861589635854341,0.9689737470167065,0.0,0.677254538852578,-2.9948477895064225,-4.600093877026399,measured
1779349681463,红,0.3607256717936441,1.5155131264916468,1500.0,0.9017574020496099,-0.05276632001976633,-0.18909493106890896,aggressive
1779349681463,蓝,0.267528106594295,1.7494033412887828,1303.0,0.8813037080587607,-0.910186462538072,-1.3743915171835226,measured
1779350538729,红,0.2302958542324602,0.6682577565632458,60.0,0.877956479777026,-2.34951197643006,-2.996652950169697,measured
1779350538729,蓝,0.4059611018267734,1.3102625298329356,1550.0,0.8875283815955457,0.32042784885427694,0.20796043235302922,pressure
1779351236362,红,0.20501974100810538,0.9952267303102625,200.0,0.8507973798266352,-2.3998403495994562,-3.1344752522274755,measured
1779351236362,蓝,0.3503351956907914,1.7374701670644392,1500.0,0.8698884459347757,-0.12766923410988748,-0.23355832088241968,aggressive
1779352175370,红,0.23761772421995245,0.38902147971360385,1500.0,0.902256070923309,-0.9402274844212415,-3.0806184972444166,measured
1779352175370,蓝,0.3745289635185816,1.0477326968973748,1890.0,0.866847436864382,0.4141250258550099,-0.5805012134639851,pressure
1779352957969,红,0.24530862632017786,0.49403341288782815,1500.0,0.891427922110315,-0.8847852723814529,-2.9045569788710135,measured
1779352957969,蓝,0.3766737352779642,2.2195704057279237,1080.0,0.9274068984790899,-0.3334464234195841,0.8324120466351714,aggressive
1779353756381,红,0.20511041423570595,0.4677804295942721,150.0,0.6208853558926488,-2.446287487348882,-4.486617599061904,measured
1779353756381,蓝,0.4675840165334426,1.954653937947494,3120.0,0.8440038462785951,2.243620009833197,1.5790914156455542,pressure
1779354619456,红,0.296113190324053,1.458233890214797,120.0,0.934109539023277,-1.8185267075293667,-1.0607559577765602,measured
1779354619456,蓝,0.358158338166119,1.1121718377088305,895.0,0.8620297907875717,-0.6411932055354452,-0.7699378722977899,measured
1779355412511,红,0.3540161454684415,1.4821002386634845,1500.0,0.8253264451405334,-0.10113398565388279,-0.594855475622311,aggressive
1779355412511,蓝,0.37077945440168686,1.2911694510739857,1500.0,0.8802647721282408,0.019709436386066426,-0.344446375298481,aggressive
1779356263799,红,0.30922229301556686,0.8448687350835322,2190.0,0.9371982457165677,0.2259466856140832,-1.46956624215215,pressure
1779356263799,蓝,0.3067740796232877,0.41766109785202865,20.0,0.7129921777708592,-1.8358760041860185,-2.7382007664253822,measured
1779357064573,红,0.31250776473040576,0.33890214797136037,800.0,0.9313486118291566,-1.0597707671798215,-1.945642576183173,measured
1779357064573,蓝,0.3243201680672269,0.2529832935560859,640.0,0.7287359052711994,-1.125339963923804,-2.5919013911287245,measured
1779358048590,红,0.19912583817612875,1.2267303102625298,1210.0,0.8933479429972501,-1.4908925210335668,-2.836038147479723,measured
1779358048590,蓝,0.31042319988479267,1.9116945107398569,1500.0,0.9423777195922357,-0.41538702138252503,-0.37439475905779657,aggressive
1779358859920,红,0.2934958659860522,2.2410501193317423,1500.0,0.737302885421909,-0.5374128673824065,-1.0316062218684725,measured
1779358859920,蓝,0.3606033753835663,3.071599045346062,1500.0,0.9353508353221957,-0.05364793096876555,1.4752961328138758,aggressive
1779364360017,红,0.263664876690533,1.558472553699284,1500.0,0.9690538571302294,-0.7524586464504257,-1.3029443640860192,measured
1779364360017,蓝,0.3613360235553296,0.7947494033412887,20.0,0.8337692104916304,-1.4425496004219311,-1.1412631376444005,measured
1779365065858,红,0.3001801506316812,1.3842482100238664,1500.0,0.9603358322921005,-0.48922716408936834,-0.9809192701593545,measured
1779365065858,蓝,0.29607660597061575,0.8042959427207638,960.0,0.8669058141590964,-1.0274972767370096,-1.953074340101032,measured
1779366053174,红,0.34128001726370305,1.847255369928401,780.0,0.6554849247764656,-0.8711975281133775,-1.0289343534119122,measured
1779366053174,蓝,0.378583445019799,2.5369928400954653,1500.0,0.7616106989433216,0.07596688147735348,0.576701519000016,aggressive
1779366872029,红,0.23459774533838498,1.3579952267303104,1500.0,0.8906954036603022,-0.9619979227034607,-2.203869350017397,measured
1779366872029,蓝,0.33891643177450353,2.785202863961814,2940.0,0.8890535194750441,1.1465176861039423,0.7111881298743521,pressure
1779367763451,红,0.3404063892529489,2.6610978520286395,1500.0,0.8002502839667978,-0.19924406169906564,0.2889501276123061,aggressive
1779367763451,蓝,0.37211514644869653,2.009546539379475,1500.0,0.8487346963348263,0.02933817963687435,0.2742313120972074,aggressive
1779368565837,红,0.32267900013190876,2.6897374701670644,1500.0,0.8365649833648449,-0.3270373496323166,0.19286339242560963,aggressive
1779368565837,蓝,0.36866972297393535,2.649164677804296,1500.0,0.8314664538131638,0.004500794325601687,0.7972568288429845,aggressive
1779369422036,红,0.3363565190268247,1.541766109785203,1500.0,0.8647381787305368,-0.22843878565788786,-0.647984094795279,aggressive
1779369422036,蓝,0.3470648812191842,0.8496420047732697,1500.0,0.8293765660356874,-0.151244292797258,-1.3083743416649507,measured
1779370140700,红,0.3977041283100352,1.7159904534606205,1500.0,0.8960172247535017,0.21380415511679407,0.5223662139474663,pressure
1779370140700,蓝,0.3179191831204026,0.9856801909307876,1500.0,0.9292802619692864,-0.3613499413911925,-1.2329550963373752,measured
1779410095615,红,0.3286968837010066,2.2863961813842484,1500.0,0.9345405287699141,-0.2836556016239909,0.23279283610898058,aggressive
1779410095615,蓝,0.37612681400612435,2.367541766109785,1500.0,0.8812974943147357,0.058257508013910275,0.8050186883747955,aggressive
1779410909924,红,0.34541811740890693,2.0739856801909307,1500.0,0.8833542694147957,-0.16311549167081635,0.07824821667467358,aggressive
1779410909924,蓝,0.3450375664893617,1.5918854415274464,1500.0,0.780191788387932,-0.16585880896941338,-0.7782070531165239,measured
1779412018201,红,0.3846699780594832,2.3293556085918854,2010.0,0.9349114671827982,0.6002715002743421,1.083780725594552,pressure
1779412018201,蓝,0.25146334646751584,1.2362768496420047,200.0,0.645974201730135,-2.065037463251774,-2.9647922470830688,measured
1779412714926,红,0.3792078562798458,2.0692124105011933,2040.0,0.9209101501040687,0.589156600535232,0.6962220439241015,pressure
1779412714926,蓝,0.2720580159232788,0.29594272076372313,1500.0,0.839664093207475,-0.6919541439932015,-2.9023871459128707,measured
1779413692772,红,0.23713649726394226,2.152744630071599,1500.0,0.9264737842977452,-0.9436965556155812,-1.2490949686412285,measured
1779413692772,蓝,0.2750528813349048,2.467780429594272,1500.0,0.7893636705119554,-0.6703647438138478,-0.884511861422364,measured
1779414519181,红,0.3159719273824025,2.8305489260143197,1740.0,0.9099864233073733,-0.14930356784520682,0.5009540070805532,aggressive
1779414519181,蓝,0.2573949169867426,1.8711217183770883,1500.0,0.7255766577308208,-0.7976575621105653,-1.9616890789631651,measured
1779415383224,红,0.24101481101579014,1.7136038186157518,800.0,0.864779340401403,-1.5751495156728414,-1.8518315164860601,measured
1779415383224,蓝,0.42552257765276197,2.3532219570405726,2110.0,0.834004172432325,0.9889714833484322,1.3322809339979482,pressure
1779416059635,红,0.26477092119135476,1.6157517899761336,100.0,0.8004384085318126,-2.063307321293647,-1.8386917833773597,measured
1779416059635,蓝,0.3530799242199988,2.126491646778043,1500.0,0.8457964769953994,-0.10788302189123081,0.10528956695424879,aggressive
1779417187459,红,0.39558914851828314,3.694510739856802,1500.0,0.904811962625145,0.19855767862468665,2.4879252258901716,pressure
1779417187459,蓝,0.29397053328143247,1.431980906921241,1090.0,0.6511693558938791,-0.9202175069591109,-2.138891546229768,measured
1779419646097,红,0.3958398632218845,3.028639618138425,1500.0,0.8537167740061358,0.20036503198550415,1.6460399833978308,pressure
1779419646097,蓝,0.33049198826450005,1.7112171837708832,1500.0,0.7187568432971276,-0.2707150432153902,-1.0911739862023686,measured
1779420519460,红,0.34619279127047775,2.7732696897374702,1500.0,0.9041339748418736,-0.15753101901270877,0.8586762962392704,aggressive
1779420519460,蓝,0.33357691102756887,1.5656324582338903,1500.0,0.7290054590268406,-0.24847643716793844,-1.15424689430358,measured
1779426234121,红,0.4277290542459528,2.4701670644391407,1975.0,0.8965765493618376,0.877705427381656,1.7060325759272001,pressure
1779426234121,蓝,0.29956291554357595,2.20763723150358,1500.0,0.6818506956356012,-0.4936766913603143,-1.17744315029391,measured
1779427046868,红,0.3949532772684617,2.675417661097852,1500.0,0.886738593616815,0.1939738069015538,1.4017538224572774,pressure
1779427046868,蓝,0.32524562682215746,2.4224343675417663,1500.0,0.6744967723886091,-0.3085350388067011,-0.6204469715065948,aggressive
1779428022528,红,0.40635273568775426,2.899761336515513,1500.0,0.8711689496819499,0.27615027756585325,1.7326456811736861,pressure
1779428022528,蓝,0.23530909794812233,1.1336515513126493,160.0,0.7135425075376295,-2.2191709143306664,-3.05572063522063,measured
1779428710164,红,0.38031983904227296,1.8066825775656326,2670.0,0.9181734830259289,1.1906425374111853,0.4417327760666722,pressure
1779428710164,蓝,0.21890230889522583,0.5871121718377088,40.0,0.7490528368033198,-2.450486134179399,-3.706718559975839,measured
1779429584583,红,0.3279494477485132,2.2816229116945106,1500.0,0.8353008654943659,-0.2890437215121747,-0.14089518704205511,aggressive
1779429584583,蓝,0.3392872656302129,1.5608591885441527,1500.0,0.8009244106612158,-0.20731160545165728,-0.8170885096925439,measured
1779430373475,红,0.32681498279181004,2.5298329355608593,1500.0,0.9037625950339304,-0.2972218579468334,0.3362658899948773,aggressive
1779430373475,蓝,0.30185349397590366,0.7016706443914081,1500.0,0.8477891834002678,-0.4771643585437052,-2.040668818859362,measured
1779431283944,红,0.23738205606274912,1.441527446300716,0.0,0.8713060787847017,-2.354949870621969,-2.1507733319169873,measured
1779431283944,蓝,0.3483809117503656,1.458233890214797,1500.0,0.8715363791498604,-0.14175728557629022,-0.533017513838188,aggressive
1779432073136,红,0.34031268221574346,1.6133651551312649,1500.0,0.8665485706583665,-0.19991957743943806,-0.513326856012877,aggressive
1779432073136,蓝,0.2742527631578947,0.6825775656324582,860.0,0.8886103934077618,-1.279022666436634,-2.310230651876591,measured
1779432784215,红,0.3517286946824744,2.3460620525059666,1500.0,0.901072457169417,-0.11762377187836895,0.5033018842519119,aggressive
1779432784215,蓝,0.33760805277525024,1.4868735083532219,995.0,0.7968837352151904,-0.6951346349747298,-0.9293365330533596,measured
1779433648104,红,0.2684893814668724,0.7422434367541766,1500.0,0.9448005180538194,-0.7176797332213858,-2.131287795981509,measured
1779433648104,蓝,0.2629620958259847,0.6706443914081146,140.0,0.8553206218564245,-2.038666163605964,-2.605010992439426,measured
1779434446374,红,0.32533221104670984,0.4916467780429594,1500.0,0.9315287722089631,-0.3079108700324304,-1.6084468905818177,measured
1779434446374,蓝,0.19572511567379988,0.4081145584725537,840.0,0.9283117633828161,-1.8639534625389662,-3.571614405184925,measured
1779435405720,红,0.29823660714285716,1.9498806682577565,1650.0,0.9033269391213203,-0.3619354396910285,-0.6531252945316056,aggressive
1779435405720,蓝,0.23099128233970756,1.4439140811455846,280.0,0.8925430050410366,-2.137255324213215,-2.1638958459558646,measured
1779436243945,红,0.3798262839433294,1.9331742243436754,1500.0,0.8687325290870744,0.08492626468516401,0.38175925846854786,aggressive
1779436243945,蓝,0.32028620089654364,1.532219570405728,1500.0,0.9242473742195046,-0.34428657226536363,-0.6743788513458473,measured
1779436970061,红,0.40973048645821225,1.9809069212410502,3650.0,0.9323920343737268,2.3258335075477943,1.0900542140553362,pressure
1779436970061,蓝,0.2920844221541308,1.5560859188544154,1550.0,0.9049547646022758,-0.5004869071159876,-1.1269164549843347,measured
1779438419394,红,0.22670093938319744,3.1288782816229115,1500.0,0.7236857142857142,-1.0189244554429349,-1.1623244310739869,measured
1779438419394,蓝,0.47430974052839997,3.587112171837709,4960.0,0.8638949942853542,4.0254132685328665,3.3685844879839397,pressure
1779439123147,红,0.2732722736124634,2.6992840095465396,1500.0,0.7817825198711275,-0.683200797324968,-0.7077047412372672,measured
1779439123147,蓝,0.457276419188365,3.739856801909308,4820.0,0.7978528046939376,3.7707411863806817,3.036294829659443,pressure
1779440059681,红,0.45638809807932723,2.3484486873508352,2670.0,0.8579468485637938,1.7390037689117557,1.8589621544633017,pressure
1779440059681,蓝,0.3406606035833503,2.0859188544152745,1500.0,0.86604752821491,-0.19741148021174515,-0.04095925973278931,aggressive
1779440758671,红,0.3799566147981502,2.2649164677804294,1500.0,0.9213693982696607,0.08586579437805775,0.902973338492643,aggressive
1779440758671,蓝,0.2620854281856757,2.336515513126492,1500.0,0.8832354485448545,-0.7638445824266047,-0.8629945044872112,measured
1779441911876,红,0.3513481928537137,2.591885441527446,1500.0,0.7915179814051633,-0.12036673529108227,0.3464731009224893,aggressive
1779441911876,蓝,0.3261785868759269,1.9522673031026252,1500.0,0.8695987840014655,-0.3018095118851946,-0.36962988413510245,aggressive
1779442685975,红,0.3154269278033794,2.692124105011933,1500.0,0.8616307048984468,-0.37931612350390503,0.18114178362834443,aggressive
1779442685975,蓝,0.35353277906907443,3.2553699284009547,1500.0,0.8986559497610812,-0.10461847967778062,1.4233679760152096,aggressive
1779444823712,红,0.3768938763206247,2.6658711217183773,2830.0,0.9491434432395044,1.3166679475858245,1.35713215380935,pressure
1779444823712,蓝,0.23490006868131869,0.37708830548926014,100.0,0.822020837068914,-2.2786404664941475,-3.4212306454930173,measured
1779445519857,红,0.39213649049363336,2.8687350835322194,3190.0,0.9525327926945754,1.7656746180357414,1.79053391518703,pressure
1779445519857,蓝,0.20996892622180452,0.24343675417661098,0.0,0.8005275659556087,-2.5525657728282085,-3.990942636054013,measured
1779450755263,红,0.31154689693049364,1.529832935560859,75.0,0.7705172876390305,-1.7496588341496089,-1.3575862043161915,measured
1779450755263,蓝,0.38021370752535144,4.2673031026252985,2033.0,0.9024448698757541,0.5898134761614102,2.826383364035267,pressure
1779451474490,红,0.3447331691297209,2.539379474940334,1500.0,0.8329443072636176,-0.16805315011920657,0.34848605461817145,aggressive
1779451474490,蓝,0.37372051564172715,4.176610978520286,2382.0,0.8596855758960256,0.8717687910626777,2.4884007457140394,pressure
1779452330931,红,0.41552139710509756,2.5536992840095465,3810.0,0.8048575312597338,2.5183015587784343,1.2819301092698245,pressure
1779452330931,蓝,0.2814453481249575,3.0930787589498805,1500.0,0.8018360763422698,-0.6242826984812178,-0.12652539551173175,aggressive
1779453031879,红,0.3981510033777071,2.568019093078759,1500.0,0.8361145975283667,0.21702559025330853,1.1585195754420585,pressure
1779453031879,蓝,0.269752928209515,2.835322195704057,1500.0,0.7786688511089708,-0.7085710713875908,-0.6346219087499749,aggressive
1779453909328,红,0.26740758712905455,0.6873508353221957,1500.0,0.8459557322709498,-0.7254781774453711,-2.5581306552083354,measured
1779453909328,蓝,0.38677953268863285,1.730310262529833,1500.0,0.8724802835096714,0.1350508776731787,0.2941278035480793,aggressive
1779454685515,红,0.33632689912826896,0.7350835322195705,880.0,0.8988511138785112,-0.812702023246801,-1.3261806320768534,measured
1779454685515,蓝,0.2674859102885419,1.198090692124105,1500.0,0.9565057048214942,-0.7249135610766624,-1.6509361517587589,measured
1779456589937,红,0.4209732894360148,2.5727923627684963,2910.0,0.8915022113491051,1.7097890861539842,1.6922046770441266,pressure
1779456589937,蓝,0.2631165921012033,0.4916467780429594,580.0,0.6295990723339535,-1.6230655366472397,-3.595162952174237,measured
1779457276720,红,0.3842700220853191,1.7494033412887828,1500.0,0.9047128039440897,0.1169603055696874,0.39323524824369105,aggressive
1779457276720,蓝,0.33512625600699,2.663484486873508,1500.0,0.835834593516769,-0.237307511630669,0.34362253693984623,aggressive
1779460446142,红,0.34202610506085845,2.704057279236277,1500.0,0.7925009126150382,-0.18756784659502912,0.3269846470211618,aggressive
1779460446142,蓝,0.3367194417563808,3.5536992840095465,1500.0,0.8662902265671106,-0.225822546540045,1.3603331617474104,aggressive
1779461100692,红,0.35345185611336527,3.350835322195704,2600.0,0.8597419240831704,0.9310153961976897,1.3765336813081397,pressure
1779461100692,蓝,0.3755738668333854,2.272076372315036,2175.0,0.7979213051232745,0.6901319949815377,0.4013479402441741,pressure
1779496373411,红,0.3681282689912827,2.3914081145584727,1500.0,0.8539671197535457,0.0005975582520159062,0.6147537630869211,aggressive
1779496373411,蓝,0.2797235921754594,2.818615751789976,1975.0,0.9287264697957646,-0.18923705923752585,0.03412820231189484,aggressive
1779497052576,红,0.3765689036397129,2.20763723150358,1500.0,0.8601306208242624,0.061444445890195376,0.5762416467800979,aggressive
1779497052576,蓝,0.3114148087806551,2.60381861575179,1500.0,0.9419182983438684,-0.408238706406141,0.3253969094455189,aggressive
1779497941858,红,0.3444228144989339,2.58472553699284,1500.0,0.8439474639788074,-0.1702904360738826,0.4287441236315987,aggressive
1779497941858,蓝,0.3300050876282716,1.7947494033412887,1975.0,0.8581798004255633,0.17323242694807722,-0.5120605238275255,pressure
1779498722309,红,0.38757931656770284,2.928400954653938,1500.0,0.8953487631177118,0.14081636354616922,1.5776808298293226,aggressive
1779498722309,蓝,0.3099505171299288,2.1479713603818618,1975.0,0.7196824361912598,0.02866294271248665,-0.9503749321963568,measured
1779500598660,红,0.3283577306632074,2.162291169451074,1500.0,0.8572527218020976,-0.2861004896736061,-0.17425543055842307,aggressive
1779500598660,蓝,0.35976294685333693,2.1097852028639617,1113.0,0.8146253867973658,-0.42426647931609335,0.07255456507717417,aggressive
1779501289868,红,0.332491134305835,1.1837708830548925,1500.0,0.8035865157273608,-0.25630358962024596,-1.279844490603721,measured
1779501289868,蓝,0.3621055073284268,1.4295942720763724,1500.0,0.8630240716277705,-0.04281935498204817,-0.39429794010388514,aggressive
1779502152405,红,0.3961332116788321,3.1026252983293556,1500.0,0.8669364153013789,0.20247972375243678,1.7714356012576573,pressure
1779502152405,蓝,0.2483697151288846,2.1145584725536994,1500.0,0.9310778761476485,-0.862718480658806,-1.1084337683658723,measured
1779503054308,红,0.3496489279256006,1.1694510739856803,410.0,0.8646380203832735,-1.1594134814733106,-0.8263418353408755,measured
1779503054308,蓝,0.2933654327671381,2.1861575178997614,300.0,0.8472041940111575,-1.6687719353628139,-0.6913326274583858,measured
1779503698724,红,0.32590061605061604,0.8806682577565632,935.0,0.8988277094570801,-0.836052201145646,-1.3320480671562611,measured
1779503698724,蓝,0.3161669897266912,1.1646778042959427,1500.0,0.8603972224318223,-0.37398116155274125,-1.3291160967695592,measured
1779504373712,红,0.2803149771719711,0.20047732696897375,0.0,0.8599635844316252,-2.0454548224981295,-2.804856938546178,measured
1779504373712,蓝,0.3106326145016479,1.4797136038186158,1500.0,0.9353893698010642,-0.4138773922856237,-0.8254759983910359,measured
1779505392097,红,0.3007549624381604,2.3747016706443915,930.0,0.7942815780723005,-1.0220323881482434,-0.5886099798881655,aggressive
1779505392097,蓝,0.3390866701637815,1.7589498806682577,1500.0,0.8938828513614315,-0.20875765901457832,-0.2878098440312981,aggressive
1779506078843,红,0.36664548432960375,2.2911694510739857,1500.0,0.8225339611107678,-0.010091546946676078,0.38040921103156894,aggressive
1779506078843,蓝,0.2786550588945938,2.2338902147971362,1500.0,0.9473197724755864,-0.6443973489014365,-0.494697058960086,aggressive
1779506943259,红,0.20619630872483222,1.1694510739856803,400.0,0.8044597682642984,-2.202955569191775,-3.111779227817601,measured
1779506943259,蓝,0.43137965962041147,3.918854415274463,4090.0,0.9216765951938983,2.896385064600895,3.287538571679962,pressure
1779507734217,红,0.21531897418058135,0.6968973747016707,150.0,0.8540383482258481,-2.372695971333084,-3.270474433995912,measured
1779507734217,蓝,0.4229911288470372,2.4892601431980905,2755.0,0.9307611462760176,1.5783228682219672,1.7800569815212561,pressure
1779512593414,红,0.1510983555109214,0.5808080808080808,0.0,0.8390119975383595,-2.976952226032507,-4.3658704179655645,measured
1779512593414,蓝,0.48648441366407147,2.744949494949495,6490.0,0.8938409167230461,5.554462081237066,2.8160799508413543,pressure
1779513281430,红,0.23028735286249333,0.26014319809069214,440.0,0.8138425551508416,-1.9916073076979175,-3.6333569800137067,measured
1779513281430,蓝,0.3475325669053902,1.5274463007159904,1500.0,0.9538515263393891,-0.14787283797379253,-0.17944395823589682,aggressive
1779514610053,红,0.31668512822173295,2.0405727923627683,1500.0,0.8222272223595886,-0.37024600227835147,-0.5898036085044788,aggressive
1779514610053,蓝,0.2807242337542752,0.6324582338902148,1550.0,0.9795832675611681,-0.5823802878753502,-1.9383503321622342,measured
1779515464262,红,0.37148721506146315,2.8687350835322194,1500.0,0.6926333932474283,0.02481154483334308,0.5547996586932541,aggressive
1779515464262,蓝,0.2529000823932057,1.6873508353221958,500.0,0.9472741052942916,-1.7720756143113074,-1.4088011296814498,measured
1779516164905,红,0.283905039519237,1.928400954653938,1170.0,0.8148943712386785,-0.9174164334316599,-1.2002458385150248,measured
1779516164905,蓝,0.26654392397055443,1.2028639618138426,1100.0,0.7511190391957301,-1.108510423363313,-2.401053707022791,measured
1779517012353,红,0.25079488493962176,2.2577565632458234,1500.0,0.7330287840814157,-0.8452359048663713,-1.6460917985562697,measured
1779517012353,蓝,0.42645355737397717,2.711217183770883,2410.0,0.8546236898941316,1.2782874345302861,1.7755468283013411,pressure
1779517818412,红,0.25379238050796615,2.515513126491647,1500.0,0.7363526690813205,-0.8236275444006198,-1.3349732945715305,measured
1779517818412,蓝,0.3792692383131743,2.1575178997613365,2445.0,0.8457062848161246,0.9711154367553311,0.513354772651958,pressure
1779518906491,红,0.2820868009272675,1.009546539379475,1500.0,0.8838433216546807,-0.6196585904356677,-1.8898670905539285,measured
1779518906491,蓝,0.24058099987609963,2.090692124105012,1500.0,0.930593689340437,-0.9188658086230748,-1.246170873520603,measured
1779519714567,红,0.37786413228776,2.522673031026253,1500.0,0.8870827788626119,0.07078149639600423,1.0049638287792955,aggressive
1779519714567,蓝,0.2703209963501313,2.171837708830549,1500.0,0.8610807026530917,-0.7044759790441097,-0.9877126016744641,measured
1779520539290,红,0.38108909370199695,3.675417661097852,1500.0,0.6669163746946005,0.09402961374533586,1.4013075743130234,aggressive
1779520539290,蓝,0.36817551220194394,2.477326968973747,1500.0,0.7748605462357298,0.0009381253361872566,0.41522761341150993,aggressive
1779521217232,红,0.33990136208120847,2.928400954653938,1500.0,0.8167329352878382,-0.20288470400299874,0.6065408228450334,aggressive
1779521217232,蓝,0.34924208478273683,2.556085918854415,1500.0,0.8704475752156314,-0.13554925727980818,0.5654359583000591,aggressive
1779521960092,红,0.3278445223677706,3.047732696897375,1500.0,0.7844998935848848,-0.289800108101378,0.43485017796847836,aggressive
1779521960092,蓝,0.334239803001256,2.3818615751789975,1500.0,0.80835832410173,-0.24369777832068062,-0.04792477283096255,aggressive
1779522956601,红,0.3181966283157558,2.379474940334129,1500.0,0.7771337026384006,-0.3593498931329082,-0.3942934570508886,aggressive
1779522956601,蓝,0.4007357817000674,3.1503579952267304,1500.0,0.8559184584898871,0.23565875265176756,1.845417855679924,pressure
1779523764034,红,0.22788737518762645,2.324582338902148,1500.0,0.8727696926189389,-1.010371671311302,-1.4056688409270763,measured
1779523764034,蓝,0.4149735470941884,2.539379474940334,1500.0,0.8320284901026385,0.3382960242834639,1.3578790637805187,pressure
1779524832750,红,0.2645822199383351,2.448687350835322,1500.0,0.842596302179036,-0.745845698034866,-0.8623041125450578,measured
1779524832750,蓝,0.3231147243362575,2.6014319809069213,1500.0,0.9087438106153033,-0.323896298892942,0.37197987143096445,aggressive
1779525634205,红,0.2636445398351648,2.5727923627684963,1500.0,0.9337938325563325,-0.7526052508711887,-0.4234621739440748,aggressive
1779525634205,蓝,0.30138747128577636,2.4701670644391407,1500.0,0.849391239645477,-0.4805238251530426,-0.28581084052032263,aggressive
1779526453134,红,0.3463080250596659,2.439140811455847,1500.0,0.9714355488054772,-0.1567003211191378,0.7715113849958635,aggressive
1779526453134,蓝,0.27308128642797674,2.1121718377088308,1650.0,0.9519580904801553,-0.5432752366132141,-0.6791612349872294,measured
1779527462555,红,0.4002983606067846,1.9236276849642004,1500.0,0.8470538326407892,0.23250546937128586,0.5891975965172491,pressure
1779527462555,蓝,0.26989010688928766,2.451073985680191,1500.0,0.8434504576072025,-0.7075821770612581,-0.7803247849367193,measured
1779528161022,红,0.3597707694056143,0.9164677804295943,1500.0,0.910768673207814,-0.05965002494599306,-0.7650820474056483,measured
1779528161022,蓝,0.29349045346062047,2.2816229116945106,1500.0,0.9819372680355974,-0.5374518852217635,-0.10847583830581575,aggressive
1779528983756,红,0.340780529953917,3.0859188544152745,1500.0,0.7471957523973654,-0.19654695441496958,0.5246314043350346,aggressive
1779528983756,蓝,0.3369035274918404,3.3937947494033414,1500.0,0.8807003363752046,-0.22449550840513602,1.2562396944931349,aggressive
1779529644496,红,0.36626673511293634,1.9260143198090691,1750.0,0.8289672302600434,0.222682040621751,0.0356347800534014,pressure
1779529644496,蓝,0.2073465355747162,2.4176610978520285,1500.0,0.9123167363104403,-1.1584465746780843,-1.4666763981419069,measured
1779530437725,红,0.30343674123845155,2.3460620525059666,1500.0,0.7093270384227092,-0.4657510380648212,-0.8849944234338005,measured
1779530437725,蓝,0.4215736813407564,3.367541766109785,1500.0,0.8530119525133588,0.3858751037751363,2.3509844094053993,pressure
1779531237712,红,0.3519225442421134,0.7852028639618138,1500.0,0.8043110982873101,-0.11622634824076883,-1.3927803112819461,measured
1779531237712,蓝,0.31538187478381186,2.694510739856802,1500.0,0.9181653983627348,-0.37964090192798905,0.38690502896759776,aggressive
1779532012525,红,0.31212599687933423,1.272076372315036,1500.0,0.8656606010404554,-0.4031118902208215,-1.261753911266265,measured
1779532012525,蓝,0.33198251809994705,2.18854415274463,1500.0,0.9382622418784347,-0.2599701045707984,0.1964468838126642,aggressive
1779538151452,红,0.32450474069360485,2.9737470167064437,1575.0,0.801567213336033,-0.243224767269771,0.37484306051056376,aggressive
1779538151452,蓝,0.3377408317872603,2.5704057279236276,3806.0,0.8143060156293922,1.9538285828598974,0.21120792302057992,pressure
1779538958021,红,0.22055598653395786,2.5632458233890216,2325.0,0.8097000681240436,-0.28605929583816325,-1.5020495565083731,measured
1779538958021,蓝,0.3240345097017841,2.9307875894988067,1500.0,0.8735065211806323,-0.3172657457273873,0.5850537449229427,aggressive
1779539822176,红,0.28905470028486574,2.7589498806682577,1500.0,0.8319574133027675,-0.5694283640432988,-0.2398328223474936,aggressive
1779539822176,蓝,0.2085498794454491,1.6014319809069213,1500.0,0.8710616213369378,-1.1497719035967817,-2.4085906105076607,measured
1779540657649,红,0.3637194669793383,2.711217183770883,1550.0,0.8634222458011278,0.015916148458275325,0.9028266856413089,aggressive
1779540657649,蓝,0.26580605728881596,2.7255369928400954,3210.0,0.8606987521016894,0.8738234970615433,-0.5044632206214418,pressure
1779541449700,红,0.34164495616742807,3.1026252983293556,1500.0,0.8600280331403927,-0.19031547457064446,0.9609116803245669,aggressive
1779541449700,蓝,0.2708733938792197,2.2267303102625298,1500.0,0.8648420453898785,-0.7004938530803586,-0.9116746704291517,measured
1779542397168,红,0.3519846166969973,2.496420047732697,1500.0,0.8989720630130662,-0.11577888002954242,0.6486890907654908,aggressive
1779542397168,蓝,0.31939455508230685,2.591885441527446,1500.0,0.9247203157215246,-0.35071427289827856,0.36652786848726115,aggressive
1779543203822,红,0.3772635513201609,2.3269689737470167,1500.0,0.9568956758822119,0.06645202542903966,1.0539730047249742,aggressive
1779543203822,蓝,0.38559151879699244,0.6062052505966588,1380.0,0.8950017343124711,0.013444837382393826,-0.7577483011218293,measured
1779544211148,红,0.33101980403421427,3.3389021479713605,975.0,0.80614004360251,-0.7614683475163868,0.8478113546781725,aggressive
1779544211148,蓝,0.36744272203654976,2.3747016706443915,3030.0,0.8542448883730616,1.436939554533515,0.5892858730581296,pressure
1779544967907,红,0.33062365243639497,2.596658711217184,1500.0,0.7484413605655519,-0.26976590189996147,-0.10305708410480852,aggressive
1779544967907,蓝,0.3148979691876751,1.4248210023866348,1500.0,0.9091591994334642,-0.3831292829161528,-0.9131472731765728,measured
1779582808860,红,0.357257273553813,3.0739856801909307,1500.0,0.9002360621787828,-0.07776932592794342,1.302687657689463,aggressive
1779582808860,蓝,0.35928900153609833,2.568019093078759,1080.0,0.7193656652546975,-0.4587695756078751,0.17685568301427002,aggressive
1779583508301,红,0.37475364814183426,2.6730310262529833,1500.0,0.9595536407374116,0.04835862332890828,1.3709558309426746,aggressive
1779583508301,蓝,0.30144902912621363,1.1312649164677804,920.0,0.7911647788565264,-1.026449153539874,-1.8243584633882228,measured
1779584350139,红,0.4277227214749536,3.704057279236277,1500.0,0.8216524990386598,0.4302023338605823,2.660555886233771,pressure
1779584350139,蓝,0.16438273125342093,1.3174224343675418,0.0,0.8454908509700175,-2.881187754305543,-3.4196343114611425,measured
1779585200575,红,0.4415085233850428,3.155131264916468,2050.0,0.8410397737504706,1.0476901057892845,2.384302615973452,pressure
1779585200575,蓝,0.1808816250909813,2.20763723150358,260.0,0.9021127305610863,-2.517326375666377,-2.093580579493751,measured
1779586079643,红,0.3420283529411764,1.873508353221957,1500.0,0.7588637908496731,-0.1875516420645848,-0.6189688294891162,aggressive
1779586079643,蓝,0.33405046287892537,2.5107398568019095,1500.0,0.8605508451734627,-0.24506269430492994,0.26566972506516484,aggressive
1779586781494,红,0.3556247639282342,2.486873508353222,1500.0,0.767175064600702,-0.08953776916630954,0.21601559089243766,aggressive
1779586781494,蓝,0.35560217773867137,2.7875894988066827,1500.0,0.8484100388051113,-0.08970058859823002,0.8074369718818732,aggressive
1779588325664,红,0.2200691287158823,1.2744630071599046,1500.0,0.9150203914115569,-1.066731884068797,-2.408476540362238,measured
1779588325664,蓝,0.3580779003877125,2.799522673031026,1800.0,0.9123832066101376,0.21075111282922634,1.085868468445958,pressure
1779588982725,红,0.28858163545176707,1.828162291169451,1500.0,0.803067438991191,-0.5728385960867486,-1.2750246454160115,measured
1779588982725,蓝,0.3577547283702213,3.2696897374701672,1500.0,0.8534710389320047,-0.07418327125553811,1.3353753392119443,aggressive
1779590053465,红,0.30044592297321066,2.4725536992840094,1500.0,0.9187824377783343,-0.48731126315585416,-0.04657160590931364,aggressive
1779590053465,蓝,0.3759078250896901,2.1217183770883055,1500.0,0.8321055441973516,0.056678859660168446,0.3802614414552129,aggressive
1779590878686,红,0.32313019913847896,0.8663484486873508,1500.0,0.9445892957484653,-0.32378474406428137,-1.2210464833575612,measured
1779590878686,蓝,0.40290498171572453,1.458233890214797,3495.0,0.9347303352450227,2.1306173477610546,0.4811669597302826,pressure
1779591705241,红,0.2947895306208306,1.1694510739856803,400.0,0.762831107581819,-1.5643043252106528,-1.984721644953472,measured
1779591705241,蓝,0.40731429168657435,2.0047732696897373,2175.0,0.9068979013832692,0.9189425222787064,0.9869007429455479,pressure
1779592762788,红,0.3917703996669442,3.5274463007159906,3315.0,0.8000050959540969,1.8807874990953808,1.888737659576413,pressure
1779592762788,蓝,0.38254021023302937,2.279236276849642,4361.0,0.8110626136324274,2.7995972527745026,0.5563236547318279,pressure
1779593471644,红,0.3360984263484263,2.3985680190930787,1500.0,0.924127803582349,-0.23029932539889697,0.4132902983042759,aggressive
1779593471644,蓝,0.18892585371617635,2.236276849642005,1500.0,0.8763771189980868,-1.291237674630939,-2.042052299452724,measured
1779594142125,红,0.3240446617176655,2.649164677804296,1500.0,0.7684622481682051,-0.3171925618264882,-0.07352275997266633,aggressive
1779594142125,蓝,0.29942822143770165,3.1408114558472553,4080.0,0.911699754773466,1.9357527459058206,0.5766511960411786,pressure
1779603144791,红,0.300701925869982,3.090692124105012,3175.0,0.9042194633345506,1.0924104539331045,0.5182579600024898,pressure
1779603144791,蓝,0.37311667211507027,2.649164677804296,1500.0,0.7473758483824845,0.03655798267620258,0.5578739316601641,aggressive
1779604013536,红,0.3554101250707058,3.2768496420047732,2828.0,0.7673545771332837,1.15991174694249,0.9978713116668048,pressure
1779604013536,蓝,0.3837639185580775,3.4105011933174225,1650.0,0.8570477233047326,0.25461425407463567,1.8630746782677288,pressure
1779605093745,红,0.25542379261917764,2.6300715990453463,1500.0,0.8655303373124236,-0.8118670129291017,-0.7314923954065463,measured
1779605093745,蓝,0.39449479791916764,2.4630071599045347,1500.0,0.889797166341284,0.19066871876388525,1.1952976167824605,pressure
1779605808336,红,0.2838845894263217,2.0739856801909307,1500.0,0.8631986001749781,-0.6066986840594917,-0.8816634008936984,measured
1779605808336,蓝,0.32681677658697444,2.2983293556085918,1500.0,0.9505902491526976,-0.2972089268276273,0.27545982027409344,aggressive
1779606939798,红,0.2144014125527887,2.945107398568019,1500.0,0.87107163119472,-1.1075893435970314,-0.9901644201351145,measured
1779606939798,蓝,0.38918706997084546,2.8496420047732696,4235.0,0.8361642335668866,2.7288191931738526,1.3090604823486165,pressure
1779607648809,红,0.2062145262145262,0.6968973747016707,0.0,0.7675814984865491,-2.5796305096527234,-3.7137762619345582,measured
1779607648809,蓝,0.43002537220138654,4.400954653937948,4710.0,0.9273660435736809,3.4706719844646776,3.7671848934660765,pressure
1779608504282,红,0.3986568084980471,3.579952267303103,2600.0,0.8128673339226363,1.2568890743045298,2.0865740756541404,pressure
1779608504282,蓝,0.2544236469688277,2.9594272076372317,1550.0,0.808338586669912,-0.7719760843537511,-0.6253367162369461,aggressive
1779609177426,红,0.3367738956067327,2.6372315035799523,1500.0,0.8553266343043033,-0.22542999936180108,0.4116632159932836,aggressive
1779609177426,蓝,0.3198817839635854,2.575178997613365,1750.0,0.794372784214696,-0.11169801825355022,-0.11348028616807904,aggressive
1779609917490,红,0.41865890395087474,3.408114558472554,2350.0,0.9391054538189575,1.1655763594370434,2.6599677446725707,pressure
1779609917490,蓝,0.2849349334875651,1.0739856801909309,1500.0,0.7004468280257753,-0.5991269587404967,-2.446736584628722,measured
1779610716520,红,0.35993228456626253,2.8424821002386635,1500.0,0.7543332416509211,-0.05848569367930895,0.5848259809059078,aggressive
1779610716520,蓝,0.3275542920558054,2.9236276849642007,1500.0,0.900468840951892,-0.29189232176976926,0.726003702144014,aggressive
1779611369267,红,0.3329091621723316,2.9737470167064437,1500.0,0.8601138336836318,-0.25329010832626814,0.7073194227025812,aggressive
1779611369267,蓝,0.34433249686323714,2.136038186157518,1570.0,0.755878124617146,-0.10500042159241867,-0.33588005328511894,aggressive
1779613180708,红,0.410570159217702,3.2291169451073984,1550.0,0.8435632963156,0.35365364393544546,2.02080748482627,pressure
1779613180708,蓝,0.26587333194328605,5.059665871121719,1500.0,0.8474826819228404,-0.7365383236056025,1.7661724988953424,aggressive
1779614125704,红,0.3938023857721226,3.2673031026252985,1550.0,0.9397743765456316,0.23277803809751618,2.164210297600855,pressure
1779614125704,蓝,0.2357131138939415,3.4009546539379474,1500.0,0.8701386069312123,-0.953957448497208,-0.23369477962700824,aggressive
1779615070122,红,0.2563780255020234,1.594272076372315,1500.0,0.793805626139405,-0.8049881343350649,-2.004961558042327,measured
1779615070122,蓝,0.3835230654761905,2.3579952267303104,1500.0,0.8859166647241647,0.11157564117425639,0.9188483503257988,aggressive
1779615925143,红,0.34817664486465477,3.372315035799523,2110.0,0.8429280803562309,0.4313997511679127,1.2611191709587286,pressure
1779615925143,蓝,0.41218550208775406,2.81145584725537,1500.0,0.8081903325072947,0.31819755203549777,1.5017684404932599,pressure
1779616628393,红,0.3278330851185703,3.279236276849642,3150.0,0.9002917721813072,1.2644432935031187,1.082438719079354,pressure
1779616628393,蓝,0.356149695311959,2.0381861575178997,1500.0,0.8423096084450906,-0.08575364128331958,0.049292361246708674,aggressive
1779617543146,红,0.19433503303055327,2.0763723150357993,1075.0,0.7811849619231122,-1.652600615243354,-2.466385599313414,measured
1779617543146,蓝,0.4629951980792316,4.300715990453461,4060.0,0.870757258703237,3.096034840248736,3.938701520471266,pressure
1779618234463,红,0.18280162994401297,0.94,270.0,0.791144738426344,-2.4940652787802966,-3.724933899816795,measured
1779618234463,蓝,0.3943036755952381,3.8975,6410.0,0.9228327487789989,4.814587880061931,2.7359632177442106,pressure
1779623589761,红,0.3708544621238326,3.1909307875894988,3300.0,0.8694839534736628,1.715878352961244,1.5038422226684578,pressure
1779623589761,蓝,0.28901813601046233,2.3269689737470167,1500.0,0.7508540742450274,-0.5696919487604277,-0.9619540705613394,measured
1779624263540,红,0.37370022781013906,3.419664268585132,6380.0,0.8551329814266836,4.637801176593321,1.7201669499079808,pressure
1779624263540,蓝,0.2644582226726307,1.9664268585131894,1500.0,0.7651058382257012,-0.7467395701200841,-1.6225649257843682,measured
1779625095053,红,0.33142852145522383,3.579952267303103,1500.0,0.8561997564262024,-0.26396375824702656,1.273696948701645,aggressive
1779625095053,蓝,0.33393716194718426,3.2028639618138426,1975.0,0.8182727146646969,0.20157798320460205,0.798600412325934,pressure
1779625969935,红,0.3526861431251675,2.4367541766109784,1750.0,0.850985137491235,0.12478220380161169,0.4263731203273072,aggressive
1779625969935,蓝,0.31779579207920794,3.054892601431981,2600.0,0.7667875426828397,0.6739777903454331,0.23315310654759663,pressure
1779626887586,红,0.3514484973412201,3.8711217183770885,1550.0,0.878488376533546,-0.07254287647072752,1.9318587894440682,aggressive
1779626887586,蓝,0.34542844567404435,2.620525059665871,1500.0,0.7501239075869356,-0.163041037223433,0.1401601799732266,aggressive
1779627739094,红,0.41113171029281276,2.231503579952267,1500.0,0.8618256067029358,0.3106009726772437,1.1043671290272938,pressure
1779627739094,蓝,0.3099835481561045,2.384248210023866,1670.0,0.7992238272448798,-0.2584137214932365,-0.4282404424903693,aggressive
1779628814225,红,0.41366347779795826,1.4486873508353222,2355.0,0.8268065053705124,1.134275385701557,0.23728535370705828,pressure
1779628814225,蓝,0.23235532533624134,2.016706443914081,1500.0,0.8684075701887407,-0.9781630907970016,-1.6626600054609306,measured
1779629878921,红,0.4771822942958102,4.2959427207637235,3810.0,0.8402818181769154,2.9628029309270802,4.028515508250818,pressure
1779629878921,蓝,0.2663076269961703,2.6658711217183773,1695.0,0.7038335981727484,-0.5497145202809056,-1.1226221032332822,measured
1779630576623,红,0.49471279169038124,4.529832935560859,4830.0,0.9418541589441988,4.050032845145892,4.88006558210194,pressure
1779630576623,蓝,0.17009671641791044,0.6778042959427207,0.0,0.7768348982360921,-2.8399967505775736,-4.220067602285735,measured
1779669143306,红,0.30381335556335554,2.9236276849642007,1750.0,0.7563327834327834,-0.2275321821659469,-0.13649535853672468,aggressive
1779669143306,蓝,0.41819592214197643,2.675417661097852,3730.0,0.9184799204540266,2.4622204343663885,1.851417041043971,pressure
1779670004904,红,0.3266796290270095,2.2553699284009547,1750.0,0.9197264887731859,-0.06269368007468543,0.11943904202824901,aggressive
1779670004904,蓝,0.33722436511739334,1.9761336515513126,1500.0,0.9229855454400256,-0.22218265258738634,0.006000658577087037,aggressive
1779670730962,红,0.3115764897959184,3.5083532219570404,1500.0,0.8731772380952381,-0.40707317952591016,0.9776679098574037,aggressive
1779670730962,蓝,0.33495345762484935,2.1288782816229115,1500.0,0.884533403387199,-0.23855318143869997,-0.013873113442201102,aggressive
1779671772257,红,0.34788523481681827,2.2696897374701672,1500.0,0.8308377559283325,-0.14533052383817877,0.1185756196190415,aggressive
1779671772257,蓝,0.31030037842951746,3.0405727923627683,1500.0,0.9005080130502316,-0.41627241727986763,0.5934900803076534,aggressive
1779672632222,红,0.40730757038157284,2.431980906921241,1500.0,0.8923482051788241,0.28303349449772447,1.3584308827212979,pressure
1779672632222,蓝,0.2347683939307186,2.596658711217184,1500.0,0.806980815165685,-0.9607677503105272,-1.2737819490658948,measured
1779673399850,红,0.374907798052783,1.6968973747016707,1500.0,0.8157337152060684,0.04946985994814507,-0.11501514423061641,aggressive
1779673399850,蓝,0.29657780821917806,2.568019093078759,1500.0,0.8483488695170887,-0.5151957473935387,-0.26176753482132264,aggressive
1779674305240,红,0.2619189978863608,1.20763723150358,1490.0,0.8476555348963964,-0.7744645026382484,-2.114578493220322,measured
1779674305240,蓝,0.30753702784751,3.6801909307875893,1500.0,0.8258046569286864,-0.4361928722422887,0.9190563800820329,aggressive
1779675153652,红,0.29301388541406054,2.045346062052506,1500.0,0.7820584252777774,-0.540887371247257,-1.071323368551084,measured
1779675153652,蓝,0.33485580879516524,3.5727923627684963,1500.0,0.7815151733455065,-0.23925711279164552,1.0464524165189188,aggressive
1779676010443,红,0.2872798643887523,1.6025641025641026,1500.0,0.9072624839097617,-0.5822228095850338,-1.1417133718304182,measured
1779676010443,蓝,0.3076398703041145,3.730769230769231,6390.0,0.8544126058050477,4.171005110439711,1.0740051068887286,pressure
1779676863624,红,0.3084753937007874,1.5369928400954653,1500.0,0.9148253135024789,-0.42942837596729677,-0.8739292884125084,measured
1779676863624,蓝,0.3862296780269587,1.863961813842482,1500.0,0.9060931190770497,0.1310870827442701,0.5402062910372759,aggressive
1779677554102,红,0.2327041301395234,1.9307875894988067,1320.0,0.8967125605355943,-1.1452114451086775,-1.6407753300851076,measured
1779677554102,蓝,0.3834765258921062,1.873508353221957,1555.0,0.9096861741893281,0.16305100808012038,0.5229583390849208,pressure
1779678396942,红,0.3298733167753905,3.1837708830548928,2380.0,0.8459196604261539,0.5537988617133442,0.8208360514424473,pressure
1779678396942,蓝,0.36038996430110176,3.2052505966587113,1500.0,0.8646898759242576,-0.055186369806167035,1.3498835003939957,aggressive
1779679103923,红,0.31028477325685605,2.9785202863961815,2760.0,0.8936062429832818,0.7705548284594,0.5067485951653989,pressure
1779679103923,蓝,0.3297602975176442,1.1551312649164678,1500.0,0.8931644662123792,-0.2759896589894676,-1.0243485195730555,measured
1779680109182,红,0.27723845978062156,3.4295942720763724,1500.0,0.8314773258175908,-0.6546093354055846,0.2539002423805487,aggressive
1779680109182,蓝,0.4110065626783337,4.088305489260144,1500.0,0.8691038157482898,0.3096988079522475,2.9722971766643105,pressure
1779680995990,红,0.2872243055064678,3.083532219570406,1500.0,0.8172178514486778,-0.5826233227227864,0.0028308195154995858,aggressive
1779680995990,蓝,0.3764929852257834,4.200477326968974,4580.0,0.749121596918511,2.96230541913234,2.1530238923850398,pressure
1779685527398,红,0.3130317541801115,3.627684964200477,1550.0,0.8121609234081,-0.34948167928735124,0.8969057872553354,aggressive
1779685527398,蓝,0.37759263003982085,2.785202863961814,1500.0,0.8859377878461067,0.06882428968561322,1.2575612534019052,aggressive
1779686197474,红,0.3275097982374768,2.720763723150358,1550.0,0.8815946071424968,-0.2451122856727423,0.4558349299209678,aggressive
1779686197474,蓝,0.41232513227513223,2.3484486873508352,1500.0,0.8942457516339871,0.3192041188016446,1.3546884198178581,pressure
1779687241220,红,0.33671904880833453,2.782816229116945,1500.0,0.941844241894192,-0.2258253792258103,0.8676683076716465,aggressive
1779687241220,蓝,0.38198796230651066,1.990453460620525,1500.0,0.8287296377457668,0.100509382063528,0.3254161141144489,aggressive
1779688061372,红,0.4456254421424961,2.2983293556085918,1500.0,0.9145657994804028,0.5592595526892952,1.858378423360595,pressure
1779688061372,蓝,0.30609542513863214,2.467780429594272,1500.0,0.8875431006660212,-0.4465851047816158,-0.08260634871449188,aggressive
1779688972438,红,0.4018925568651003,1.902147971360382,1500.0,0.9305034740468267,0.24399771902350625,0.8920405785627153,pressure
1779688972438,蓝,0.258067396313364,1.704057279236277,1500.0,0.8613411003169067,-0.7928097899073767,-1.6278611657333037,measured
1779689998185,红,0.32599853938937057,3.4701670644391407,1500.0,0.8629524177571671,-0.30310743907199283,1.11078437903847,aggressive
1779689998185,蓝,0.37359085951134385,3.0620525059665873,1500.0,0.8741661576497964,0.039976307058465166,1.4322407430432444,aggressive
1779690820249,红,0.32517187135865766,3.2458233890214796,1550.0,0.8843586139481326,-0.26196594419808117,0.9533919928610761,aggressive
1779690820249,蓝,0.3628342644019633,2.9379474940334127,1500.0,0.8385170446140157,-0.037565887486300936,1.025278980184985,aggressive
1779692086876,红,0.35273211912146335,2.579952267303103,1500.0,0.892006279399722,-0.11039028095788256,0.7172578719114702,aggressive
1779692086876,蓝,0.31853619150246304,3.1694510739856803,2772.0,0.8773817784466491,0.8413418799867577,0.7567169693067284,pressure
1779692812687,红,0.3506469971570718,1.899761336515513,1500.0,0.9514245547155995,-0.1254215182005498,0.22634034304008227,aggressive
1779692812687,蓝,0.253393357385399,1.2768496420047732,1500.0,0.8786593000001319,-0.82650402420518,-2.056884680099604,measured
1779693823256,红,0.22972392953581072,3.3341288782816227,1975.0,0.8351259898717144,-0.5496748676844766,-0.5127568049611038,aggressive
1779693823256,蓝,0.40468450463480377,2.8090692124105012,1680.0,0.7651800912949095,0.4336871455848045,1.236021229972371,pressure
1779694694514,红,0.28919913467589675,2.5656324582338903,1500.0,0.8914047723935389,-0.5683871647107596,-0.21512379861102557,aggressive
1779694694514,蓝,0.34137391983820553,3.047732696897375,1555.0,0.8993553510220177,-0.14045846088056674,1.0444445978002357,aggressive
1779696117794,红,0.26842713278664937,1.9761336515513126,1500.0,0.660272658610272,-0.718128471806684,-1.9340663980152062,measured
1779696117794,蓝,0.40860901344048767,3.0978520286396183,2079.0,0.9249760652107888,0.8378424146544667,2.15604280520788,pressure
1779697007200,红,0.24910638451538353,2.236276849642005,1500.0,0.750127429502303,-0.857407974843331,-1.6300494669153216,measured
1779697007200,蓝,0.37609245361291294,3.143198090692124,3315.0,0.8344630891811462,1.7677682461977924,1.4055754195884498,pressure
1780013634840,红,0.3778513101942305,3.2577565632458234,2420.0,0.9171948253319934,0.9373434780394887,1.8432625078086475,pressure
1780013634840,蓝,0.23170213230478134,0.8233890214797136,0.0,0.7004407832785315,-2.3958953323188297,-3.463044984027103,measured
1780014334382,红,0.34005405453764675,1.1503579952267302,1500.0,0.8647274080851236,-0.20178397388884484,-0.9833103082314265,measured
1780014334382,蓝,0.35062681611273927,2.367541766109785,1500.0,0.8915568870723823,-0.12556699940996952,0.4743975640708618,aggressive
1780015182868,红,0.2744455946337926,2.3532219570405726,1500.0,0.8662186564704332,-0.6747425551048041,-0.7296204861765558,measured
1780015182868,蓝,0.3239013432144512,2.785202863961814,1500.0,0.9064530896513296,-0.3182257169415689,0.5575044479340024,aggressive
1780016010215,红,0.27265059161962657,1.9976133651551313,1500.0,0.7803938341293966,-0.6876823814641249,-1.418311054737479,measured
1780016010215,蓝,0.34966898340248964,1.8138424821002386,1500.0,0.8319560689886416,-0.13247182845710417,-0.30424410119691453,aggressive
1780019883494,红,0.3682846204114104,1.4463007159904535,1500.0,0.927520838857951,0.001724665121207336,-0.05584365940693348,aggressive
1780019883494,蓝,0.30660074434583456,2.6706443914081146,1420.0,0.909198396793587,-0.5183036106086899,0.20424375020727562,aggressive
1780020695727,红,0.3260524491419479,0.6706443914081146,515.0,0.8864588988532902,-1.2306042461544642,-1.583015578692219,measured
1780020695727,蓝,0.2934865929253867,3.159904534606205,1500.0,0.9793329794762917,-0.537479715066719,0.7540428574376188,aggressive
1780021552028,红,0.32514829114829114,0.21479713603818615,430.0,0.7540198809921033,-1.3171934763390465,-2.5266195730612684,measured
1780021552028,蓝,0.27721776622343447,3.1503579952267304,1500.0,0.9847004773269689,-0.6547585112201344,0.5293795015652316,aggressive
1780022425775,红,0.4006710705762018,2.8233890214797137,1550.0,0.9016562847565236,0.28229304613943,1.6849398229347163,pressure
1780022425775,蓝,0.2777242907801419,1.529832935560859,2025.0,0.7970539488092679,-0.15654884940067554,-1.7494520198206542,measured
1780023092529,红,0.41633245734964675,3.214797136038186,1500.0,0.9373123036772012,0.3480921430669754,2.428025174176813,pressure
1780023092529,蓝,0.3019690554382673,1.4081145584725536,453.0,0.8137861869930837,-1.4626217018364116,-1.4603551567312159,measured
1780023778771,红,0.3380666774239816,2.379474940334129,1500.0,0.8878796948254779,-0.21611058758161525,0.29188624491929444,aggressive
1780023778771,蓝,0.24997089488937582,1.7780429594272076,1650.0,0.8641938422784537,-0.709873538256931,-1.6608430282294253,measured
1780024780533,红,0.47159745280492704,2.424821002386635,2934.0,0.9191848190599362,2.097337174468093,2.3750867251932775,pressure
1780024780533,蓝,0.3167101819589625,2.0859188544152745,1500.0,0.7826998248063289,-0.3700653947769468,-0.6870831032020499,measured
1780025448873,红,0.44681589598742066,1.4534606205250598,4050.0,0.8802083144015472,2.969981252865656,0.9127391609799436,pressure
1780025448873,蓝,0.2998127038486627,2.8544152744630074,1500.0,0.8013193110162288,-0.4918760162255633,-0.10052649303389724,aggressive
1780026499402,红,0.2545450729710489,3.1503579952267304,1500.0,0.8380796518219691,-0.8182015313536248,-0.32668599468836923,aggressive
1780026499402,蓝,0.3762520128824477,2.8305489260143197,1500.0,0.8812642121700092,0.059160042275535896,1.2663854103393042,aggressive
1780027180332,红,0.33160557657713546,2.8233890214797137,1500.0,0.7792385183205852,-0.2626874024328669,0.24735398644655404,aggressive
1780027180332,蓝,0.3104593896713615,1.7804295942720765,1500.0,0.8796702233603642,-0.4151261362750986,-0.7305171432230251,measured
1780031636911,红,0.2942188820215929,0.7852028639618138,320.0,0.7139103296302091,-1.6437792729343008,-2.5510009110747425,measured
1780031636911,蓝,0.3733205736690054,2.7088305489260143,1500.0,0.8893490655032132,0.03802786917861717,1.1324564948680995,aggressive
1780032373629,红,0.3091065369597415,0.4224343675417661,0.0,0.581227903445387,-1.8379020878633938,-3.175392959821175,measured
1780032373629,蓝,0.34440331699962307,2.2338902147971362,2155.0,0.8733952129664531,0.4465892721250937,0.18642937143915095,pressure
1780033932148,红,0.3450980226169179,0.3436754176610978,600.0,0.8034721332136359,-1.0132370928199577,-1.932557898516272,measured
1780033932148,蓝,0.3293342934750164,1.7541766109785202,1500.0,0.8069937992545598,-0.27906063898029126,-0.7467521344518148,measured
1780034699553,红,0.3165887706043956,0.8902147971360382,1500.0,0.7548233276290531,-0.3709406255335232,-1.9765609113548468,measured
1780034699553,蓝,0.3500997282765797,2.6443914081145583,1500.0,0.9277859166329422,-0.1293666727376401,0.8724162040569154,aggressive
1780035861864,红,0.1315574702739962,0.9925925925925926,0.0,0.8306040984548221,-3.1178186534856698,-4.269121793526704,measured
1780035861864,蓝,0.54695968547913,3.74320987654321,6405.0,0.9411628135239247,5.910345179784425,4.849872300946574,pressure
1780036524246,红,0.1627589376176002,0.8066825775656324,105.0,0.9008558884546727,-2.7939817206431177,-3.7502953607348255,measured
1780036524246,蓝,0.44850497215592683,1.7064439140811456,6050.0,0.9420234846696661,4.8661888072119055,1.4113593780405544,pressure
1780037479635,红,0.25685572004092594,0.7971360381861575,0.0,0.7824562829988075,-2.214568028102087,-2.8304469410833435,measured
1780037479635,蓝,0.550894788031352,3.7183770883054894,2490.0,0.8723331539639108,2.2507212297938075,4.633534708972967,pressure
1780038166443,红,0.15943468650998302,0.6754176610978521,0.0,0.698017800862824,-2.9168572430434123,-4.660622368743995,measured
1780038166443,蓝,0.510180780113177,3.455847255369928,1555.0,0.8744413395820024,1.076437245133119,3.7935005317142636,pressure
1780039222177,红,0.3267572151811544,2.443914081145585,1500.0,0.8163993235148008,-0.29763829337628805,-0.06517763493199596,aggressive
1780039222177,蓝,0.3468642085263033,2.8591885441527447,1550.0,0.843910697642618,-0.10559011972204896,0.7363022671445177,aggressive
1780039913860,红,0.2888791971916972,2.6467780429594274,1650.0,0.8139350189933523,-0.42939118153959954,-0.4187752418256918,aggressive
1780039913860,蓝,0.37513225015328017,2.720763723150358,3240.0,0.78011045990252,1.690195151858309,0.7761633308631621,pressure
1780041245476,红,0.2537917670682731,2.727923627684964,1500.0,0.8832454480593036,-0.8236319665676286,-0.5939362189376162,aggressive
1780041245476,蓝,0.37189068723619284,1.675417661097852,480.0,0.8817627421822178,-0.9331358833235092,0.05846985702724278,aggressive
1780041928844,红,0.3388063674622392,1.630071599045346,1655.0,0.95723717404468,-0.06476587809677235,-0.19114728944332438,aggressive
1780041928844,蓝,0.2923848016390389,1.2386634844868736,790.0,0.814181890614094,-1.2142534369385583,-1.765343076352065,measured
1780044269798,红,0.21226729723244284,0.6252983293556086,0.0,0.8197481069695516,-2.5359972648356055,-3.50931643467596,measured
1780044269798,蓝,0.36947198710197504,2.515513126491647,1830.0,0.9569016155594149,0.32114932992959566,1.128848711725406,pressure
1780044942917,红,0.17581733725135626,0.8902147971360382,0.0,0.8576977094635323,-2.798757911607326,-3.6348573701130293,measured
1780044942917,蓝,0.49000795877469233,2.412887828162291,1910.0,0.8866806915418137,1.2654308754471053,2.5113618291662965,pressure
1780047034991,红,0.25740446136378814,1.6133651551312649,1500.0,0.8025124483329251,-0.7975887585594277,-1.9397824572873223,measured
1780047034991,蓝,0.29913209982788297,2.3460620525059666,1500.0,0.900484474995069,-0.4967823577630661,-0.2571374150261744,aggressive
1780047883671,红,0.3494660396101074,2.315035799522673,1500.0,0.805724333105689,-0.1339348106434311,0.09574881865526438,aggressive
1780047883671,蓝,0.2893107316227462,1.9427207637231503,1500.0,0.8168921251348435,-0.5675826841037268,-1.1008814849293806,measured
1780048571181,红,0.3311864861605259,2.7732696897374702,1500.0,0.9126212989205812,-0.26570854344320843,0.6729534411562244,aggressive
1780048571181,蓝,0.32037485537330695,2.420047732696897,1500.0,0.8189696832202786,-0.3436474794470004,-0.17161407926242636,aggressive
1780049665108,红,0.34585537624140555,2.7732696897374702,2190.0,0.8533120115673593,0.49002743211307265,0.6703864828630394,pressure
1780049665108,蓝,0.36520710563860803,2.01909307875895,1500.0,0.7617504553390354,-0.02046053817039234,-0.12982904477654744,aggressive
1780050470231,红,0.33045864661654134,2.007159904534606,2230.0,0.8378345941582784,0.4167160402410441,-0.36806565378517747,pressure
1780050470231,蓝,0.3647814643221946,1.6205250596658711,1500.0,0.7738873607665743,-0.023528903338737972,-0.48786706746816366,aggressive
1780051493288,红,0.31230458447802195,2.4224343675417663,4060.0,0.8348826821415763,2.00973562036408,-0.22816588565668092,pressure
1780051493288,蓝,0.3058316549912435,2.0501193317422435,1500.0,0.7887663588600541,-0.4484865722883806,-0.8575727119393852,measured
1780052363637,红,0.31637118108892304,1.5131264916467781,4650.0,0.9161654659258848,2.594840165078573,-0.7789490073992692,pressure
1780052363637,蓝,0.2135658472740402,0.34844868735083534,60.0,0.8758257979968174,-2.4701153310337642,-3.5630618051383274,measured
1780056217882,红,0.2625495307612096,3.5536992840095465,1500.0,0.8821177713878444,-0.7604989575485803,0.34810463656192564,aggressive
1780056217882,蓝,0.36187672325567405,2.6706443914081146,1500.0,0.892208007168184,-0.04446861470575619,0.9398700341110117,aggressive
1780056975308,红,0.2718247935891209,3.3579952267303104,3075.0,0.8819380122063463,0.7900392772016613,0.2868844917521538,pressure
1780056975308,蓝,0.29559507536461826,1.7708830548926013,1500.0,0.808749798281836,-0.5222800767207023,-1.2102668554926757,measured
1780057880180,红,0.4698264277715566,1.8687350835322196,4063.0,0.6813421740322636,3.1481058887018545,0.9390462572468559,pressure
1780057880180,蓝,0.274674797955788,4.391408114558472,1500.0,0.8595629569173663,-0.6730902730951398,1.2732101326203362,aggressive
1780058695874,红,0.4266014946124435,1.9976133651551313,3885.0,0.851514201802523,2.668826993987926,1.0579784481411463,pressure
1780058695874,蓝,0.24060241946445562,2.9665871121718377,1500.0,0.7909184676725114,-0.9187113989915434,-0.8803694652287242,measured
1780059576112,红,0.25053114713627384,2.5107398568019095,1500.0,0.7644624208676627,-0.8471371392112599,-1.285278604224262,measured
1780059576112,蓝,0.40821044767373726,3.331742243436754,1500.0,0.8848473771465978,0.2895421606627279,2.2376755712171024,pressure
1780060421880,红,0.20890060827250606,3.0501193317422435,1500.0,0.8173671557423382,-1.147243567941906,-1.159043717925765,measured
1780060421880,蓝,0.46050400024243887,2.7326968973747015,2915.0,0.7903643764428661,1.9994683426232323,2.0558754902807785,pressure
1780061306863,红,0.35912538402457755,3.1837708830548928,1710.0,0.9133118816667204,0.1335208078798535,1.4858109074128159,aggressive
1780061306863,蓝,0.31138384530992874,2.178997613365155,1320.0,0.764868553887753,-0.5780247360775046,-0.735821976645231,measured
1780062146160,红,0.2879938701508,3.0,1500.0,0.9420613080848778,-0.5770756814144749,0.38157505711822504,aggressive
1780062146160,蓝,0.27757864977178287,2.3484486873508352,1500.0,0.7322251557058423,-0.6521569721615867,-1.172793604488294,measured
1780101580826,红,0.3294026167746335,4.217183770883055,1500.0,0.9284613497745956,-0.2785681096494969,2.137947419723254,aggressive
1780101580826,蓝,0.2493613056528264,1.2553699284009547,1500.0,0.9513836680244885,-0.8555702981220115,-1.8738680780163985,measured
1780102390295,红,0.2960198896631823,1.5823389021479715,2025.0,0.9203990826246924,-0.024659448203029483,-0.9883708240327747,measured
1780102390295,蓝,0.3205560127014477,1.3866348448687351,1170.0,0.9417171082582172,-0.6532067217291571,-0.7519766881201175,measured
1780103530314,红,0.3538107881577452,2.5536992840095465,1500.0,0.9695858794701276,-0.10261436642263713,0.986743220424273,aggressive
1780103530314,蓝,0.31925414727294427,0.6205250596658711,1500.0,0.8888363489290807,-0.3517264453895257,-1.7222095873983077,measured
1780104340372,红,0.37516643936811,3.835322195704057,1500.0,0.8833012207451348,0.05133435470568315,2.2556427852582073,aggressive
1780104340372,蓝,0.2764001498757128,0.4701670644391408,635.0,0.7715432409339777,-1.4754960998084712,-2.9126706379000136,measured
1780105368964,红,0.30293163221360897,1.035799522673031,728.0,0.8336369472713142,-1.19662836533311,-1.744473350412617,measured
1780105368964,蓝,0.4481319448579765,3.828162291169451,3025.0,0.8133752097099325,2.013902333646708,3.048147630321065,pressure
1780106150115,红,0.38166058625052723,2.837708830548926,1500.0,0.8509924575401168,0.09814939197705286,1.242216688077856,aggressive
1780106150115,蓝,0.22672600570161544,2.694510739856802,1500.0,0.8278295840892294,-1.0187437572461984,-1.2173379747253374,measured
1780106966310,红,0.3853839402022207,2.9045346062052504,1500.0,0.8557623922369906,0.12499032384679082,1.3794598791927672,aggressive
1780106966310,蓝,0.28408655679232514,3.272076372315036,1360.0,0.8296098827274032,-0.7371249341162261,0.18950692947274572,aggressive
1780107795016,红,0.3843193949649685,3.028639618138425,1500.0,0.8962259297458799,0.11731622502190053,1.6333651307416082,aggressive
1780107795016,蓝,0.20765536778672958,1.5131264916467781,915.0,0.7211382500275211,-1.7072994287209968,-3.050257501221863,measured
1780108586349,红,0.47146198156682034,2.4534606205250595,1910.0,0.8878497273611418,1.1317365457775352,2.2884738112035055,pressure
1780108586349,蓝,0.20529866946778713,2.515513126491647,150.0,0.7594138938403644,-2.4449303921266794,-1.950904813169374,measured
1780109644779,红,0.48693647350480324,3.7255369928400954,4158.0,0.8624761216850154,3.360940357015055,3.6829414761943964,pressure
1780109644779,蓝,0.20289764341409078,2.6372315035799523,720.0,0.6702754592710732,-1.9252899901140152,-2.1863934380813856,measured
1780110531202,红,0.402742567607904,1.20763723150358,5850.0,0.8020448680724485,4.347893431875486,-0.24885588159819136,pressure
1780110531202,蓝,0.29040768957039337,2.639618138424821,1500.0,0.6857120104382333,-0.5596749283762934,-0.8666251270541582,measured
1780111494555,红,0.2889437878082829,2.4009546539379474,1500.0,0.7001573445013183,-0.5702279104377828,-1.0725447958974188,measured
1780111494555,蓝,0.41355109384817507,3.6897374701670644,3440.0,0.9221716154696962,2.1555522304071153,2.804808489091504,pressure
1780112285247,红,0.25785572139303486,2.341288782816229,1500.0,0.7347346713146286,-0.7943357130908286,-1.4552022994366638,measured
1780112285247,蓝,0.39097719063155445,3.412887828162291,4110.0,0.8706426313852905,2.6239718652287696,2.018508644489382,pressure
1780117521066,红,0.22576291906897292,2.460620525059666,1500.0,0.7297468129224483,-1.025686460794341,-1.8174311386256128,measured
1780117521066,蓝,0.46529908590458063,3.009546539379475,1500.0,0.7429052414178484,0.7010830104369612,2.228582353538331,pressure
1780118200649,红,0.2505395395213923,2.3651551312649164,1500.0,0.7583551104563795,-0.8470766401450653,-1.4517390410254332,measured
1780118200649,蓝,0.4282290030573707,2.496420047732697,1500.0,0.8039539113145912,0.4338520189662329,1.405014244856216,pressure
1780118977709,红,0.23462274792729593,0.8568019093078759,280.0,0.6912101558226,-2.111076797624459,-3.421078678472581,measured
1780118977709,蓝,0.4367652898219991,2.307875894988067,1500.0,0.7971336198666186,0.49538844403957966,1.3162815041610392,pressure
1780119887004,红,0.3012366862079605,3.324582338902148,1500.0,0.7121439713394356,-0.48161080534701195,0.06494524093864723,aggressive
1780119887004,蓝,0.3931076380292152,2.2696897374701672,2475.0,0.7448880923620957,1.0991342291757578,0.46036764468425234,pressure
1780120691140,红,0.45381915071470363,1.902147971360382,1550.0,0.7829043207296571,0.6654271817904522,1.1079875302152529,pressure
1780120691140,蓝,0.3799408841263209,2.620525059665871,3633.0,0.8075759864873947,2.0950718126836727,0.8451013528104182,pressure
1780121846381,红,0.20180962662337662,0.837708830548926,380.0,0.8920093204775024,-2.25341861755637,-3.188403119534556,measured
1780121846381,蓝,0.37759983961507615,2.4534606205250595,1880.0,0.898073526847384,0.426842215555215,0.972105519160565,pressure
1780122673222,红,0.238356886035313,2.1455847255369926,560.0,0.8096575251714576,-1.8203937381249888,-1.6602180758061542,measured
1780122673222,蓝,0.39093419503003174,1.6014319809069213,1500.0,0.8676564847399555,0.16500102753645812,0.20866553557597234,pressure
1780123672018,红,0.5082724612736661,3.952267303102625,6421.0,0.8983036772464482,5.646528782586246,4.344965050107703,pressure
1780123672018,蓝,0.2556481939725218,1.1933174224343674,1500.0,0.7266852423974969,-0.8102493473741392,-2.655807784940529,measured
1780124364064,红,0.5656629988432621,2.725301204819277,6470.0,0.8890300959274643,6.106404733446843,3.9207756395745923,pressure
1780124364064,蓝,0.22187080873671783,0.8168674698795181,0.0,0.6365576366700334,-2.466767424927624,-3.8418290057978783,measured
1780125848477,红,0.2920212561711465,2.3341288782816227,1650.0,0.8500647284695557,-0.40674069166077975,-0.5534796779873014,aggressive
1780125848477,蓝,0.39989344238309826,2.4224343675417663,1500.0,0.8729820472667666,0.22958649293343297,1.1721631525164915,pressure
1780126645384,红,0.32715459052515605,2.548926014319809,1655.0,0.8539482511490224,-0.14876126370532775,0.18032974544097033,aggressive
1780126645384,蓝,0.361327488450231,2.6992840095465396,1500.0,0.7329042037341071,-0.04842794121208546,0.3854308283375929,aggressive
1780127833146,红,0.23176234670202187,0.6563245823389021,1500.0,0.8639975251353442,-0.9824377580265451,-3.0377373402313266,measured
1780127833146,蓝,0.2801508743449533,0.8782816229116945,1500.0,0.9623057694786165,-0.6336143072906493,-1.7649163793865985,measured
1780128503871,红,0.2094473254145408,1.009546539379475,770.0,0.8673886497307256,-1.8309738276682137,-2.996542396277443,measured
1780128503871,蓝,0.38569671682232215,1.8806682577565632,1500.0,0.9319967242872812,0.12724506944968228,0.6425992299519963,aggressive
1780129471249,红,0.24726218593721758,3.3102625298329356,1500.0,0.8483589266771467,-0.8707024424209584,-0.23583209170362818,aggressive
1780129471249,蓝,0.3349774990834657,2.7159904534606207,1950.0,0.8847575114743633,0.18552717888055012,0.5701777968927337,pressure
1780130263739,红,0.2400218153251148,1.8353221957040573,1500.0,0.8513738580464469,-0.9228968609029062,-1.7936866250289785,measured
1780130263739,蓝,0.39574452271506183,3.1050119331742243,2850.0,0.8370919504881059,1.4713988912918397,1.6604873879903534,pressure
1780131321517,红,0.47087595871263715,1.9785202863961815,3950.0,0.8715221472790464,3.0492239820286295,1.7495665107037874,pressure
1780131321517,蓝,0.3836594428768292,4.062052505966587,1500.0,0.808005990079945,0.11255875923571562,2.3314402212609417,aggressive
1780132183708,红,0.3828645362187739,1.7350835322195703,1970.0,0.8390206029830969,0.5495757957732188,0.12166023156674877,pressure
1780132183708,蓝,0.30623890523084796,3.0405727923627683,1550.0,0.8047521845259088,-0.398450001454433,0.18933430043599472,aggressive
1780133442573,红,0.32974603502152,3.98090692124105,2650.0,0.9546014484896038,0.8072255424761093,2.0026628703455245,pressure
1780133442573,蓝,0.29305874622157974,2.231503579952267,1500.0,0.6872805237285458,-0.5405639784423113,-1.2279256160439724,measured
1780134135333,红,0.34306670797191247,3.336515513126492,2450.0,0.8705423587381457,0.7148485402957332,1.2515683101241502,pressure
1780134135333,蓝,0.35362416711087424,1.5799522673031026,1500.0,0.7945518407017941,-0.10395968112263873,-0.6144283986453101,aggressive
1780135186817,红,0.33824682910547393,2.8162291169451072,1500.0,0.9109296253533014,-0.21481190927386132,0.811292058618576,aggressive
1780135186817,蓝,0.3996039725945069,2.596658711217184,1785.0,0.898365820268639,0.4959742268162233,1.4325770759306928,pressure
1780135855017,红,0.31778418951207243,3.090692124105012,1550.0,0.8129319845598454,-0.31522230061547346,0.4350713567224803,aggressive
1780135855017,蓝,0.4282271662763466,2.4821002386634845,1500.0,0.8398873531750581,0.4338387779703546,1.520460694072073,pressure
1780136584279,红,0.27549314733235436,1.9856801909307875,1550.0,0.8547923541623983,-0.6200901688259988,-1.1206587726363109,measured
1780136584279,蓝,0.4315710389610389,2.556085918854415,1500.0,0.8457293445051022,0.4579441034578981,1.6632103878974425,pressure
1780142276111,红,0.4652856632166689,2.2911694510739857,2243.0,0.8646509488022834,1.4009038894589754,1.9545721629179234,pressure
1780142276111,蓝,0.29370522657882053,3.8090692124105012,1470.0,0.8379914059506298,-0.5641640977437213,0.8915715745115717,aggressive
1780142959193,红,0.4014798949007396,2.0572792362768495,1500.0,0.8812033564376888,0.2410229194706463,0.8621755730149019,pressure
1780142959193,蓝,0.2870996038315989,2.1575178997613365,890.0,0.7106005836510804,-1.1581518296082558,-1.3031304527311245,measured
1780143788827,红,0.5246118121638395,3.9045346062052504,1830.0,0.8080446085886714,1.439522046784684,4.207389253886513,pressure
1780143788827,蓝,0.29385036682290605,1.5894988066825775,1500.0,0.8985915001942105,-0.5348573400451703,-1.091248944348088,measured
1780144507594,红,0.5161868662626747,4.062052505966587,1965.0,0.8505697902592065,1.5059603713042613,4.395788857447379,pressure
1780144507594,蓝,0.2861985572374645,1.594272076372315,1120.0,0.8145342648783992,-0.9479836952252548,-1.5002075959192205,measured
1780145490811,红,0.3101535540352505,2.288782816229117,1750.0,0.8944258801488916,-0.18182692893657043,-0.1769687368029273,aggressive
1780145490811,蓝,0.24273625700280113,1.0835322195704058,340.0,0.8629649898258966,-1.9960671543710413,-2.4591070116889293,measured
1780146435040,红,0.36772323597455175,2.467780429594272,1560.0,0.9036421651447967,0.0541986943117482,0.8640236268182262,aggressive
1780146435040,蓝,0.32647529625828126,0.42720763723150357,260.0,0.7931445272921431,-1.4677700189065996,-2.1553949017063987,measured
1780147311607,红,0.3968800278896808,3.3747016706443915,4030.0,0.7644930310952004,2.5911630134797443,1.6825896167632857,pressure
1780147311607,蓝,0.20911341279688053,2.0143198090692125,1500.0,0.9082708850289495,-1.1457095016633807,-1.8562488486845796,measured
1780148122897,红,0.4009728112473131,3.2386634844868736,1500.0,0.8882779646813808,0.23736745239164664,2.053297474006923,pressure
1780148122897,蓝,0.28702238276990183,1.2052505966587113,1500.0,0.8431214523390096,-0.5840789443170359,-1.7713814574525393,measured
1780187733101,红,0.4751467920221074,4.255369928400954,3340.0,0.8498587814391011,2.505382028873041,3.9934519251129252,pressure
1780187733101,蓝,0.2723924544817927,2.8329355608591884,1500.0,0.6919552414905357,-0.6895432417045262,-0.9118998844591764,measured
1780188461549,红,0.4300575387505871,2.6897374701670644,1950.0,0.8158523964162762,0.8709406260003046,1.6662500000487759,pressure
1780188461549,蓝,0.2985665197568389,3.224343675417661,1500.0,0.7660726141470822,-0.5008595140986518,0.12156671795029939,aggressive
1780189382040,红,0.37887053571428575,2.840095465393795,1950.0,0.8344607203421072,0.5019435123929492,1.1446944756227704,pressure
1780189382040,蓝,0.316705104964622,4.744630071599046,2575.0,0.8773470231274161,0.6425648481552579,2.2940574708545656,pressure
1780190225624,红,0.39998924501976596,3.20763723150358,1950.0,0.8515060342984923,0.6541841655780645,1.8755972414804176,pressure
1780190225624,蓝,0.3382838975352752,3.768496420047733,3440.0,0.9051172413380978,1.6129657037241292,1.7362765951046983,pressure
1780191090914,红,0.20822156570137934,1.0930787589498807,220.0,0.7817439344644314,-2.3579187070160375,-3.240388962601438,measured
1780191090914,蓝,0.43311242375601927,3.403341288782816,1750.0,0.8512991791479432,0.7045595623219523,2.5467062083363894,pressure
1780191869991,红,0.20342280346548638,1.162291169451074,200.0,0.8216566270102856,-2.411352360635143,-3.096808641660572,measured
1780191869991,蓝,0.39332794297976703,3.164677804295943,1670.0,0.7860110501086897,0.34239975265122413,1.500523783627217,pressure
1780192836221,红,0.36858264499643456,2.042959427207637,3315.0,0.835408301764791,1.7136315017343797,0.20837677586752804,pressure
1780192836221,蓝,0.3763352937591419,2.7613365155131264,1500.0,0.8790565752033328,0.05976039785988313,1.1909030680459063,aggressive
1780193571250,红,0.25404332142857144,0.60381861575179,0.0,0.9304864724442224,-2.2348420607415087,-2.528657904860374,measured
1780193571250,蓝,0.39714655368516827,1.3770883054892602,1500.0,0.9274642281153029,0.20978470848010206,0.29135679274320603,pressure
1780194466804,红,0.2454026917293233,1.0692124105011933,1875.0,0.9587608931419458,-0.5308512980937334,-2.089136677273864,measured
1780194466804,蓝,0.3889570193578034,0.9594272076372315,2588.0,0.905287214594814,1.1756609997078042,-0.32141871805148786,pressure
1780195445396,红,0.4333223038374408,2.515513126491647,1500.0,0.827575007644926,0.4705686301194017,1.5826559642229863,pressure
1780195445396,蓝,0.32559674541651284,3.224343675417661,1500.0,0.7704566307221347,-0.3060038933954504,0.5271006195977161,aggressive
1780196325360,红,0.4345315338345864,3.1145584725536994,1500.0,0.8480503725280567,0.47928573313709005,2.268732153151787,pressure
1780196325360,蓝,0.3192650852315582,1.3627684964200477,550.0,0.7678610797568032,-1.2465624794029673,-1.421759641481766,measured
1780197057016,红,0.36944760855884207,2.243436754176611,1500.0,0.8851225966397772,0.010108419670335822,0.5993122840186756,aggressive
1780197057016,蓝,0.3155673100565527,1.3627684964200477,990.0,0.6618806655192196,-0.858732125397255,-1.8575740312402307,measured
1780197926376,红,0.38419086176980916,1.494033412887828,1500.0,0.8823764055957038,0.1163896543066179,0.05794226727930704,aggressive
1780197926376,蓝,0.3037300527081061,2.023866348448687,1950.0,0.8331353762390658,-0.03972956279528467,-0.7538019059930636,measured
1780198737110,红,0.37099770587887043,1.39618138424821,1500.0,0.9422856455144064,0.02128276868419232,-0.013198125267860183,aggressive
1780198737110,蓝,0.27994913260289367,2.100238663484487,1500.0,0.9036497223960351,-0.6350686241308308,-0.7663438816912127,measured
1780203982365,红,0.23625031055900622,1.7024128686327078,1025.0,0.8843699102829539,-1.3975423444061654,-1.8609291057719128,measured
1780203982365,蓝,0.48556664113366527,3.959785522788204,6440.0,0.8572517109789227,5.500745254858474,3.8769021050030275,pressure
1780204770333,红,0.3145584599797366,2.045346062052506,1500.0,0.8573844140493077,-0.3855767385267808,-0.4888378190121443,aggressive
1780204770333,蓝,0.41353148273527424,2.1694510739856803,1500.0,0.9294091244195509,0.3279004637991358,1.3212796668946474,pressure
1780205762634,红,0.34796506756358053,2.054892601431981,1130.0,0.8888621910239011,-0.493300821928594,0.11589222461151624,aggressive
1780205762634,蓝,0.2720600210600211,1.7828162291169452,1500.0,0.8717705547932819,-0.6919396893538124,-1.3102860009487165,measured
1780206451377,红,0.3143352492634741,2.217183770883055,1500.0,0.9060306966026739,-0.38718582101142385,-0.1458797448133612,aggressive
1780206451377,蓝,0.33005379298121235,1.4630071599045347,830.0,0.7459504588601362,-0.9050244043508177,-1.245772681544913,measured
1780207341612,红,0.25818627978995556,1.8830548926014319,1500.0,0.876996941612163,-0.7919527821297034,-1.3919305343582928,measured
1780207341612,蓝,0.2416778611205819,0.7923627684964201,1500.0,0.9280162828420586,-0.9109587500098815,-2.528663617133871,measured
1780208217034,红,0.3306724506063884,3.0,2254.0,0.9468547514661503,0.4408656874783687,1.0141985202190094,pressure
1780208217034,蓝,0.30316998081283797,2.8162291169451072,1750.0,0.769401602987073,-0.2321701451609765,-0.20523091132362298,aggressive
1780209002875,红,0.3290977991926032,2.260143198090692,1550.0,0.6879513730217923,-0.2336646967519414,-0.6774734861615818,measured
1780209002875,蓝,0.39099323434319244,3.983293556085919,6278.0,0.7857471201146808,4.666377487206675,2.2786466307778053,pressure
1780209683571,红,0.33482264643737525,3.8257756563245824,1575.0,0.8965616921424234,-0.1688449987331379,1.7123630465541941,aggressive
1780209683571,蓝,0.34083647717762183,3.2768496420047732,1500.0,0.8235993174368569,-0.19614364179971863,0.9907509639694467,aggressive
1780210685636,红,0.24937886670416196,3.0620525059665873,1950.0,0.7775797393223576,-0.43153665379392636,-0.7071960633971202,measured
1780210685636,蓝,0.4370799585113629,3.9952267303102627,1500.0,0.8501247608770365,0.49765682920046733,3.1873043338121456,pressure
1780211503402,红,0.2680050196514013,2.3937947494033414,795.0,0.7411081539074961,-1.3852924482199687,-1.2337418373395312,measured
1780211503402,蓝,0.4414770900557349,3.4749403341288785,1500.0,0.8608272594847542,0.5293548922199887,2.772777971922306,pressure
1780212159780,红,0.18780943007124112,1.6801909307875895,210.0,0.8161103793843951,-2.514485965162679,-2.8277533844651845,measured
1780212159780,蓝,0.46608414774360446,3.0859188544152745,2070.0,0.9244213122446523,1.243691298170134,2.9708471881797074,pressure
1780213002373,红,0.3356099885408709,2.615751789976134,1950.0,0.8243169453244319,0.1900866719222521,0.2616377820636062,pressure
1780213002373,蓝,0.45460681143867177,2.181384248210024,2110.0,0.7991125214697906,1.1986340477082016,1.4550726245462284,pressure
1780213840098,红,0.3308037766830871,2.911694510739857,1500.0,0.8392291541819279,-0.2684674213643272,0.5399816062737206,aggressive
1780213840098,蓝,0.391333501464367,2.918854415274463,1550.0,0.801887421614073,0.21498033302878555,1.2850113758128268,pressure
1780214734129,红,0.35627379398234493,3.0262529832935563,1500.0,0.8419967226468531,-0.08485903819154561,1.0309226938993292,aggressive
1780214734129,蓝,0.3304199603012435,3.1026252983293556,1500.0,0.8850019652281604,-0.27123427874324163,0.8892092335468613,aggressive
1780215447789,红,0.39719560605128834,3.2911694510739857,1500.0,0.8480328555789167,0.21013831741284383,1.9057166325445731,pressure
1780215447789,蓝,0.24364215283483978,3.6706443914081146,1500.0,0.8829090846841463,-0.8967985544553583,0.19446661723190956,aggressive
1780216332194,红,0.3198661639526276,2.935560859188544,1500.0,0.7737050797264527,-0.34731453660630274,0.1694948016807532,aggressive
1780216332194,蓝,0.3781675276095475,2.935560859188544,1500.0,0.8031360309589737,0.07296861405050287,1.1162824034730137,aggressive
1780217010956,红,0.3400583093503153,2.448687350835322,1500.0,0.7518728627899224,-0.2017533017748218,-0.10155561794384269,aggressive
1780217010956,蓝,0.3453598052482937,2.658711217183771,1500.0,0.9081514049057294,-0.1635358526546239,0.7474305194827136,aggressive
1780217830429,红,0.28138191842793525,1.2935560859188544,1500.0,0.7956933626602107,-0.6247399507860966,-1.9362082332576371,measured
1780217830429,蓝,0.3770185921826357,2.847255369928401,1500.0,0.9166275888939328,0.06468616282062672,1.4216565386292368,aggressive
1780218630508,红,0.24351100579908963,3.663484486873508,2625.0,0.8721147749868832,0.16202365750468883,0.14650881281170422,pressure
1780218630508,蓝,0.3531541419745303,2.7326968973747015,1500.0,0.796049743945375,-0.10734800058550728,0.5286665981023906,aggressive
1780219419056,红,0.27926412438314563,2.5775656324582337,2934.0,0.8083092451540194,0.7108437517568382,-0.6464212978607133,pressure
1780219419056,蓝,0.4008636865013117,2.532219570405728,1500.0,0.7126494987575956,0.23658079339797417,0.7164810702201031,pressure
1780220434682,红,0.3982227412488174,2.694510739856802,1500.0,0.707385564490697,0.21754273456350126,0.8205320903388823,pressure
1780220434682,蓝,0.34221587047444774,2.821002386634845,1500.0,0.7810126525654887,-0.18619986476910952,0.4043627198360157,aggressive
1780221232657,红,0.38260171669734083,3.675417661097852,2370.0,0.7340315719376136,0.9244874479316618,1.6653461254066788,pressure
1780221232657,蓝,0.4117334238208347,3.4295942720763724,3215.0,0.8073288819652239,1.9304954769058456,2.105840294939097,pressure
1780222776352,红,0.39256508301481124,2.035799522673031,1500.0,0.891050158035944,0.17675778068283338,0.7478586312893203,pressure
1780222776352,蓝,0.29089055113570844,2.162291169451074,540.0,0.877885519220265,-1.4605291138943333,-0.6399753290115328,aggressive
1780223538680,红,0.3936702336915037,2.579952267303103,1500.0,0.7752226850648554,0.18472459619480103,0.8859958039914912,pressure
1780223538680,蓝,0.3193148804640807,3.856801909307876,685.0,0.9122601648647587,-1.1190314002502981,1.5762400023081582,aggressive
1780228415942,红,0.4243115473775717,4.3317422434367545,4629.0,0.8687573538474146,3.3531788675767142,3.404561167768032,pressure
1780228415942,蓝,0.31834457735797017,2.952267303102625,190.0,0.7762729562640278,-1.5923238810975329,0.17341151839564684,aggressive
1780229118301,红,0.4781690106830322,4.494033412887828,5410.0,0.8551101633935764,4.477141043916646,4.292927591342046,pressure
1780229118301,蓝,0.19246073492981003,1.369928400954654,350.0,0.7496811267088723,-2.349073422957763,-3.308481318327259,measured
1780230006024,红,0.36220513239620794,2.704057279236277,1500.0,0.8277722857869312,-0.04210117731440635,0.7452183605647247,aggressive
1780230006024,蓝,0.2780211282711283,2.4295942720763724,1500.0,0.9255619131730243,-0.6489672310279637,-0.38806615005517187,aggressive
1780230706743,红,0.3446925776535603,2.3699284009546537,1500.0,0.8880921891210909,-0.1683457661477265,0.3787048410533004,aggressive
1780230706743,蓝,0.23083496682175272,2.7589498806682577,1500.0,0.8687951704225062,-0.9891230585664921,-0.9462684907662068,measured
1780231406013,红,0.3831816191265238,2.214797136038186,1500.0,0.9422516964532293,0.10911422108702429,0.9750785846169094,aggressive
1780231406013,蓝,0.18008029272314988,1.79236276849642,1500.0,0.9380623430067876,-1.3550035972490262,-2.387677521765614,measured
1780232238817,红,0.3235628008752735,1.369928400954654,1500.0,0.8011095354924676,-0.32066620258402495,-1.2326890515849926,measured
1780232238817,蓝,0.3147694482134781,2.704057279236277,1500.0,0.8124428111965425,-0.3840557655329036,0.005982507331561332,aggressive
1780232932410,红,0.33988027299925205,0.8305489260143198,1500.0,0.6888907130391423,-0.20303673107840747,-1.9379524661485008,measured
1780232932410,蓝,0.2713676229508197,2.7780429594272076,1500.0,0.9340235428051002,-0.6969310521726381,-0.1075082565816019,aggressive
1780233637992,红,0.2849838225358457,0.8114558472553699,1500.0,0.7421743279199927,-0.5987745271341813,-2.556074393865079,measured
1780233637992,蓝,0.31458515607199816,2.6706443914081146,1500.0,0.9337483608009924,-0.3853842916085244,0.40796487026647615,aggressive
1780234576730,红,0.3261823108856089,1.7684964200477327,1500.0,0.8588379678439642,-0.301782666226293,-0.5908648190865439,aggressive
1780234576730,蓝,0.33309018038987487,3.5011933174224343,1500.0,0.9591830434105383,-0.25198518332926345,1.5911449766793915,aggressive
1780235368761,红,0.35507725511425153,1.918854415274463,1500.0,0.9323090014625715,-0.09348465333710035,0.24017874464554323,aggressive
1780235368761,蓝,0.34801762259194396,2.1837708830548928,880.0,0.7641542548957172,-0.728425879730086,-0.20548951600455598,aggressive
1780236041014,红,0.25797716306970075,1.7231503579952268,1500.0,0.8928717480602465,-0.7934602637481591,-1.4964067022348624,measured
1780236041014,蓝,0.3360226498737596,2.341288782816229,1500.0,0.9529816807615821,-0.23084558321382534,0.4594684765319529,aggressive
1780274106170,红,0.39073578717201174,3.594272076372315,2865.0,0.8801543278386391,1.4494221294304694,2.2294390311193735,pressure
1780274106170,蓝,0.25943494724577637,3.39618138424821,1500.0,0.8008007870144255,-0.7829513821702927,-0.14667360022643192,aggressive
1780274787978,红,0.44757933317211773,3.9665871121718377,3900.0,0.8504317075222703,2.8341823724678945,3.3113541172645187,pressure
1780274787978,蓝,0.2759889622212108,3.1837708830548928,1408.0,0.8337492699229159,-0.7502821607810432,2.745714266277205e-05,aggressive
1780275842920,红,0.37454804953970466,2.739856801909308,1500.0,0.7414377221449544,0.046876503137309566,0.6471200266009338,aggressive
1780275842920,蓝,0.3936285840876005,2.3221957040572794,1500.0,0.8479731868338426,0.18442435232992216,0.8920589127596117,pressure
1780276637009,红,0.3602770131674717,2.8138424821002386,1500.0,0.8426930326890957,-0.05600061248137542,0.8802677087794059,aggressive
1780276637009,蓝,0.3850099501731786,2.6992840095465396,1500.0,0.7911675242853465,0.12229430272719893,0.9371575334052031,aggressive
1780277490268,红,0.29504332403589617,2.448687350835322,1500.0,0.8851883371062064,-0.5262575443521456,-0.269405918848029,aggressive
1780277490268,蓝,0.36750266927963243,2.7780429594272076,1500.0,0.9559272717716426,-0.0039122679573604935,1.3575835890205001,aggressive
1780278166572,红,0.3394109984089101,2.8544152744630074,1650.0,0.975832228409794,-0.06511728995605508,1.100233011203062,aggressive
1780278166572,蓝,0.3171786236678971,1.4630071599045347,975.0,0.899274987810824,-0.8612467150927761,-0.8780275864154485,measured
1780278834050,红,0.3198063558358904,0.7350835322195705,1500.0,0.9886488994961548,-0.34774568164580966,-1.240271919640115,measured
1780278834050,蓝,0.31742175324675326,2.1455847255369926,1485.0,0.9782485645933013,-0.37906605126067633,0.08818200266000831,aggressive
1780279850212,红,0.32265741615493626,3.2673031026252985,1500.0,0.7641693815815214,-0.3271929443092968,0.504681654304399,aggressive
1780279850212,蓝,0.40953749921713534,3.3627684964200477,2860.0,0.8864485132481625,1.5802499232895997,2.293390672248939,pressure
1780280515996,红,0.2958126931567329,2.3579952267303104,1500.0,0.803966803958857,-0.5207113125345482,-0.6414965199724278,aggressive
1780280515996,蓝,0.3678505568195426,2.7136038186157516,1750.0,0.887988104193469,0.23409950215572506,1.0534189742385172,pressure
1780282239854,红,0.24086188013874615,2.3556085918854417,315.0,0.8240846900401756,-2.033129562995356,-1.363516516899619,measured
1780282239854,蓝,0.523665431837426,3.4534606205250595,3650.0,0.8134001576793702,3.147168289623744,3.7652394919093957,pressure
1780283088442,红,0.3088417503481639,2.513126491646778,1131.0,0.7084883469247245,-0.7743911635183186,-0.644229534389273,aggressive
1780283088442,蓝,0.49368039446485995,4.465393794749403,2679.0,0.860969893495215,2.0163147954087366,4.509279504072859,pressure
1780283929390,红,0.42123344037039806,2.4463007159904535,1500.0,0.8661891919719938,0.3834223730320577,1.4790132813261705,pressure
1780283929390,蓝,0.37800843517922933,3.200477326968974,2250.0,0.8560375029300531,0.7783334980018368,1.5679328648497313,pressure
1780284594910,红,0.41219907225410807,2.5298329355608593,1500.0,0.9103566844089683,0.31829537671595914,1.591099547574867,pressure
1780284594910,蓝,0.22895978026583647,3.20763723150358,3480.0,0.9141467442169454,0.8625501081747067,-0.3641578555447569,pressure
1780294383572,红,0.3495060610551275,3.663484486873508,2565.0,0.9212699760129222,0.8696003814655738,1.8521136080013636,pressure
1780294383572,蓝,0.2587593628849389,1.990453460620525,1500.0,0.6983547223385933,-0.7878215379590681,-1.9217909337608343,measured
1780295063727,红,0.357946239530014,2.5178997613365155,2855.0,0.9256449700543756,1.203628524059198,0.8522339352595028,pressure
1780295063727,蓝,0.31689683508967825,1.9474940334128878,1500.0,0.6991270546204595,-0.36871984879077047,-1.1234509633543839,measured
1780295882006,红,0.41968386536030344,3.4176610978520285,2530.0,0.8394289994420525,1.342527926228303,2.3244739636109064,pressure
1780295882006,蓝,0.30798653582838886,3.7494033412887826,1500.0,0.816794325077529,-0.43295245694838824,0.9617327098172515,aggressive
1780296578248,红,0.46276207031485156,4.176610978520286,3589.0,0.8143206260892734,2.6506648885567765,3.608437313652323,pressure
1780296578248,蓝,0.2678177956628661,3.496420047732697,215.0,0.7276047925875782,-1.9330111962516985,-0.19047100244839404,aggressive
1780298013412,红,0.23883018703328915,2.8424821002386635,1550.0,0.6792400803343647,-0.8843862933141198,-1.43220075533883,measured
1780298013412,蓝,0.46483817246359366,3.6730310262529833,1555.0,0.7898268279272913,0.7495712370907771,3.0500043003049906,pressure
1780298681256,红,0.20893429836272928,2.9045346062052504,1500.0,0.7749743326029602,-1.1470007026575149,-1.4560999991357064,measured
1780298681256,蓝,0.4427255694086508,3.159904534606205,1500.0,0.7896397618308881,0.5383549361822744,2.2210771268684706,pressure
1780299528186,红,0.23975467838112152,3.7589498806682577,1650.0,0.8412585199239284,-0.7835202489436297,0.07576583377269919,aggressive
1780299528186,蓝,0.4100999868697479,3.3269689737470167,1500.0,0.8171424960609244,0.30316347990428255,2.0158208099672827,pressure
1780300527216,红,0.27490690067308293,3.818615751789976,2255.0,0.8933983590410275,0.03980473865212014,0.8299957268897891,aggressive
1780300527216,蓝,0.39175781448943214,3.124105011933174,1550.0,0.8449465939586259,0.21803912280407278,1.6503132766278716,pressure
1780302078256,红,0.368968324291742,3.928400954653938,4209.0,0.8806367999792051,2.5585737947645653,2.2490746883638035,pressure
1780302078256,蓝,0.30659650599165206,3.007159904534606,1500.0,0.7617464081629963,-0.4429729107190501,0.006101987624622718,aggressive
1780302943820,红,0.38349549376797704,3.9976133651551313,1955.0,0.9024798070187332,0.5399940105831487,2.6060721849154116,pressure
1780302943820,蓝,0.32051444840409044,2.639618138424821,1582.0,0.7881374665645274,-0.2653958958439011,-0.06288676800502174,aggressive
1780303783461,红,0.44952059267429034,2.6443914081145583,5105.0,0.8380994505742575,3.9833054120007914,1.9821337295880141,pressure
1780303783461,蓝,0.2726033345718001,4.4821002386634845,1650.0,0.917043840448912,-0.5467206982521264,1.5408436112643624,aggressive
1780304471118,红,0.43717339373970343,2.909307875894988,4505.0,0.910286914508702,3.329087464770504,2.327667249248168,pressure
1780304471118,蓝,0.410082638164755,3.863961813842482,2475.0,0.8324481546434102,1.2215036917726687,2.603947482393141,pressure
1780305870523,红,0.3089795715704355,4.016706443914081,1438.0,0.8719264993530138,-0.48419882746854936,1.4404145824913055,aggressive
1780305870523,蓝,0.38395831762784266,2.739856801909308,1500.0,0.8734812819351078,0.11471328897788241,1.2593612270321124,aggressive
1780306767687,红,0.3622663798910048,3.515513126491647,1500.0,0.8759717818496215,-0.041659656079422264,1.7256894207301414,aggressive
1780306767687,蓝,0.36816023962288863,3.909307875894988,1550.0,0.8655370457274675,0.04792881164339019,2.163970512526718,aggressive
1780307819614,红,0.40038441780821915,2.7446300715990453,1500.0,0.8601353784832259,0.23312583893877087,1.4527576825785087,pressure
1780307819614,蓝,0.32044189687565233,3.5656324582338903,1500.0,0.8471320276843901,-0.34316419034254164,1.0683521496553434,aggressive
1780308686639,红,0.41709166465911823,2.9665871121718377,1500.0,0.8552956130201071,0.35356512036994253,1.896531622522594,pressure
1780308686639,蓝,0.3616704186558943,2.3031026252983295,1500.0,0.6523710368466152,-0.04595582429661013,-0.2936187631978709,aggressive
1780309411927,红,0.42003984575835485,2.6443914081145583,3430.0,0.8547751644813341,2.192908219706973,1.617277312438291,pressure
1780309411927,蓝,0.21920480537720707,3.4176610978520285,1500.0,0.7440190008701244,-1.0729626223085107,-0.9103057453073553,measured
1780314767200,红,0.2790791532905296,5.040572792362768,1575.0,0.8735425472623506,-0.5706889601580712,2.0316674053553223,aggressive
1780314767200,蓝,0.38691475312127493,3.909307875894988,2250.0,0.8052427802763772,0.8425374056061468,2.2167535244990706,pressure
1780315632017,红,0.28991972032847846,3.5704057279236276,1575.0,0.831275140893091,-0.49254142837088505,0.5758041139317994,aggressive
1780315632017,蓝,0.3989399935649936,3.81145584725537,2250.0,0.8084383131383132,0.9292250167370376,2.304512726500945,pressure
1780316478995,红,0.23777860689166025,4.4176610978520285,2250.0,0.8899464531698708,-0.23255596241590626,0.8769788812287347,aggressive
1780316478995,蓝,0.459774142599278,2.5536992840095465,2455.0,0.8806850158966586,1.5608797345293994,2.193623186094121,pressure
1780317271996,红,0.31162929217379476,3.4105011933174225,2535.0,0.9012958240131014,0.5682936778242044,0.9827647041706752,pressure
1780317271996,蓝,0.4277528040924592,0.6801909307875895,1800.0,0.779534833660298,0.7130238936694874,-0.4931686957989949,pressure
1780318116208,红,0.2948115692584001,3.2028639618138426,1755.0,0.8008391103687069,-0.28771422422898296,0.17158205273342542,aggressive
1780318116208,蓝,0.41623914394469047,0.8162291169451074,1500.0,0.8464888135850616,0.34741946494465364,-0.2824587306060214,pressure
1780319124977,红,0.2988781877452112,5.649164677804296,2875.0,0.9721036747985456,0.7966587816791041,3.2770668891843004,pressure
1780319124977,蓝,0.35567122012953173,0.5250596658711217,950.0,0.7368787935184495,-0.6073114923128653,-1.840382815278397,measured
1780319988345,红,0.2868254873624008,5.317422434367542,1500.0,0.9295130699883176,-0.585498324877349,2.6202194136136536,aggressive
1780319988345,蓝,0.4146973882282102,1.224343675417661,2205.0,0.7913601038640554,1.000426294136851,-0.09847261742316732,pressure
1780321375811,红,0.31840406190667964,4.971360381861575,3075.0,0.9764722014460235,1.1258201306134619,2.901413868973039,pressure
1780321375811,蓝,0.34683278329630113,0.639618138424821,770.0,0.8350033862650513,-0.8405888783082731,-1.4999279332843707,measured
1780322243835,红,0.28237782636864267,2.0143198090692125,1200.0,0.8399964122356679,-0.9001653449257494,-1.0463653005868705,measured
1780322243835,蓝,0.34352244897959183,4.842482100238663,1950.0,0.8814922115299665,0.2471260547778925,2.7928093975971997,pressure
1780323038454,红,0.45724618729893957,3.8090692124105012,5530.0,0.7518985720979049,4.43935437413997,2.938717646232799,pressure
1780323038454,蓝,0.3125047035162839,2.918854415274463,1750.0,0.7693126313085441,-0.16487795125281196,0.030920590933161518,aggressive
1780323852230,红,0.4313037610314396,3.4295942720763724,1550.0,0.8059011845918358,0.5031181323823981,2.382844974655708,pressure
1780323852230,蓝,0.3266832528559651,4.5608591885441525,3410.0,0.8280919927832541,1.5010784505721455,2.0776977301236452,pressure
1780360481249,红,0.22884586875388765,2.405727923627685,1500.0,0.842848521499465,-1.0034620782821735,-1.4192774569646798,measured
1780360481249,蓝,0.4386135278672873,3.2911694510739857,1500.0,0.8988837421512861,0.5087120313472209,2.686393544714902,pressure
1780361166034,红,0.2783382730954978,2.386634844868735,1500.0,0.8295735435048412,-0.6466809958931412,-0.7725828913656753,measured
1780361166034,蓝,0.4021917480227385,0.9427207637231504,1500.0,0.9002491316833878,0.2461545296792707,-0.16537531926789031,pressure
1780362008916,红,0.2410583730856139,1.6491646778042959,1500.0,0.9601742379861887,-0.9154245183350045,-1.5708834012122035,measured
1780362008916,蓝,0.48092185115623903,2.2911694510739857,3945.0,0.781733412141588,3.1169327814442505,1.8807451470185892,pressure
1780363506641,红,0.2990911360799001,1.0047732696897376,1500.0,0.8226313487109367,-0.49707765742648824,-1.8703686162653161,measured
1780363506641,蓝,0.32205332701309475,2.6252983293556085,1500.0,0.9595150580559125,-0.33154770501960795,0.5636140491519956,aggressive
1780364389895,红,0.34887890715443387,1.1694510739856803,1500.0,0.930097424815415,-0.13816733391296285,-0.6011895883802101,aggressive
1780364389895,蓝,0.3015229660474055,0.847255369928401,1500.0,0.9530139239932963,-0.4795470698639193,-1.5211211705471763,measured
1780365053659,红,0.3354899172699069,0.8114558472553699,1500.0,0.8742087263535041,-0.23468594856998373,-1.351362672878403,measured
1780365053659,蓝,0.303779843051896,2.821002386634845,1750.0,0.9446101924227426,-0.22777376731969262,0.4406583820400863,aggressive
1780366183800,红,0.41213940144014405,2.5059665871121717,1500.0,0.7160424403079668,0.31786522146534385,0.8652311980391559,pressure
1780366183800,蓝,0.2672865750915751,3.081145584725537,1950.0,0.816830133086287,-0.30244347946622796,-0.28839242933300335,aggressive
1780367027765,红,0.35784224229876405,2.3532219570405726,2100.0,0.8895142683891036,0.4916569997557012,0.5568376422721758,pressure
1780367027765,蓝,0.21422468409968407,3.4367541766109784,2550.0,0.8946044546953638,-0.11974689420037199,-0.4196627674691339,aggressive
1780367848415,红,0.377948859005705,4.197115384615385,6490.0,0.8448873700328466,4.772050452951112,2.5163112523453477,pressure
1780367848415,蓝,0.3377625865324103,2.7572115384615383,1500.0,0.7642661777466293,-0.21830271946291563,0.2163834463007574,aggressive
1780368502222,红,0.30904724087856233,4.16945107398568,1500.0,0.9175883956036435,-0.42530604128257593,1.7578393449430951,aggressive
1780368502222,蓝,0.3868532480893592,2.615751789976134,1500.0,0.8407248494075654,0.1355822776083761,1.0596620056660722,aggressive
1780369661499,红,0.4234706481858948,3.835322195704057,5175.0,0.8902373146398829,3.86145754360647,2.977107551465341,pressure
1780369661499,蓝,0.38570823626662654,2.3126491646778042,2230.0,0.6547227597348586,0.8149995477637255,0.07091484910922485,pressure
1780370356133,红,0.3407782104069698,3.384248210023866,5491.0,0.8605571778773534,3.5630208513035937,1.2299253060232724,pressure
1780370356133,蓝,0.4173397700107163,3.8257756563245824,4045.0,0.7596653518950115,2.7527835358617234,2.4079805834693406,pressure
1780371297834,红,0.2997941573033708,3.62291169451074,1500.0,0.8802009800686206,-0.49200971465043997,0.9468804137938526,aggressive
1780371297834,蓝,0.4260123042505593,3.5632458233890216,1815.0,0.8582086782965977,0.7146072050450222,2.6280330894709825,pressure
1780372011146,红,0.28396673088322466,5.398568019093079,2300.0,0.9231542148952936,0.14750599124648284,2.6366155761172143,pressure
1780372011146,蓝,0.37570282503245206,1.2625298329355608,1565.0,0.800896153689554,0.11643207261495217,-0.588351884753364,aggressive
1780372678919,红,0.2551799520572885,3.587112171837709,1500.0,0.9023663402584389,-0.8136248119440914,0.3481063626553345,aggressive
1780372678919,蓝,0.4200599308551129,2.3556085918854417,1550.0,0.8247203718178407,0.4220635553442887,1.2223853058388614,pressure
1780376612085,红,0.3932308366052552,3.3031026252983295,1550.0,0.8235327120612533,0.22865785171525826,1.7719764246965066,pressure
1780376612085,蓝,0.2560719415552254,4.214797136038186,1875.0,0.9222735666182917,-0.45393875864848365,1.0559921176963338,aggressive
1780377276498,红,0.4310763382594417,2.8949880668257757,1500.0,0.8378160177498108,0.4543779026615859,1.9639855492108067,pressure
1780377276498,蓝,0.20358457696473703,4.09546539379475,1650.0,0.8726659463348595,-1.044263449948499,0.0017327759677338156,aggressive
1780378110009,红,0.30361997643462196,4.360381861575179,1500.0,0.8580534814172799,-0.4644301313016296,1.6542790449442062,aggressive
1780378110009,蓝,0.37276049010883705,2.8591885441527447,1500.0,0.8484170986336774,0.03399033611706087,1.125929111899493,aggressive
1780378922211,红,0.27533878665003114,2.4009546539379474,1755.0,0.8959037757487539,-0.4280897131259559,-0.5622142826146554,aggressive
1780378922211,蓝,0.3625805759803922,2.496420047732697,1500.0,0.8303152563213837,-0.039394677799517164,0.5536634217046268,aggressive
1780379862369,红,0.2427232504337767,2.3102625298329356,1500.0,0.7804674623621992,-0.9034227425024428,-1.5391223676472052,measured
1780379862369,蓝,0.38007838528520954,2.668257756563246,2550.0,0.7674020948868564,1.075860064369825,0.7494792680293156,pressure
1780381124146,红,0.25656103847789113,2.181384248210024,1500.0,0.7749529190221155,-0.8036688295146597,-1.4874701238156534,measured
1780381124146,蓝,0.43218721973094176,2.7971360381861574,5120.0,0.840632819646721,3.8724827447883663,1.8930188799745153,pressure
1780381966906,红,0.3713500950632663,3.424821002386635,2310.0,0.8519861536148824,0.7868557637772391,1.6800459148818534,pressure
1780381966906,蓝,0.32243084622383994,3.804295942720764,1500.0,0.7823149354478972,-0.328826242717986,1.1000415210727248,aggressive
1780382936275,红,0.414895290081098,4.498806682577565,5730.0,0.8070431411625735,4.322458156036947,3.211928730902426,pressure
1780382936275,蓝,0.2980311597110754,2.3579952267303104,1500.0,0.777793806037907,-0.5047188201706899,-0.7039743290098097,measured
1780384424933,红,0.3917521158616664,4.837708830548926,3190.0,0.808698463181354,1.7629037363406537,3.2207019208428953,pressure
1780384424933,蓝,0.28436193882259875,4.35799522673031,3028.0,0.8377595191815311,0.8361423736947088,1.3010103272964515,pressure
1780385130507,红,0.38478594470046085,4.01909307875895,3420.0,0.9054703231356457,1.9293495715819926,2.656796126295506,pressure
1780385130507,蓝,0.1936021512301945,2.6897374701670644,1500.0,0.8350108634977886,-1.257527158627136,-1.673725308059331,measured
1780386397433,红,0.41505159052649915,4.742243436754177,5630.0,0.8584592866837889,4.229383328742223,3.641440165125708,pressure
1780386397433,蓝,0.25240326995635126,3.023866348448687,1500.0,0.7858988102639061,-0.8336413712242747,-0.6714783572640062,measured
1780389108168,红,0.3766917062227713,2.840095465393795,1500.0,0.7967664514972208,0.062329705741410835,0.977235945710776,aggressive
1780389108168,蓝,0.3020260249839846,4.847255369928401,2050.0,0.7932405314416525,0.04218800065076056,1.8807538444245335,aggressive
1780389810101,红,0.4207149639383312,3.515513126491647,1500.0,0.8420887985978306,0.3796847776356162,2.446088848153109,pressure
1780389810101,蓝,0.3127655532490407,3.162291169451074,945.0,0.8477650958318066,-0.9213201483564374,0.5595180421089931,aggressive
1780391063510,红,0.46635243139142996,4.495821727019498,6495.0,0.8591490745920212,5.4140446289655495,4.138913350646753,pressure
1780391063510,蓝,0.2717872414695872,3.2618384401114207,2550.0,0.7279971073520248,0.2952103461422312,-0.3647219598098773,pressure
1780391866389,红,0.5034245442492543,3.7422434367541766,5432.0,0.8299035090714906,4.679927600396785,3.8196864094243383,pressure
1780391866389,蓝,0.319991941902109,1.928400954653938,383.0,0.7227983047979567,-1.3986393279254952,-1.0123493097160328,measured
